driverId,name,ssn,location,certified,wage-plan
10,Emily Hughes,626-17-0492,"26831 Phillips Alley
Jamesport, NH 25875",N,hours
11,Amanda Wood,711-04-5887,"PSC 4959, Box 6359
APO AA 94160",N,miles
12,Angela Braun,016-95-4289,"PSC 3928, Box 5476
APO AE 64225",Y,hours
13,Tony Moore,362-10-0194,"321 Sandy Underpass
New William, NH 11830",N,hours
14,Jennifer Keller,079-94-8984,"1035 Walker Mountains
Hallchester, MA 82045",N,hours
15,Megan French,166-80-9815,"282 Edward Mount
Ashleyfurt, WA 96675",Y,hours
16,Heather Higgins,800-87-5994,"Unit 0150 Box 1017
DPO AA 88054",N,miles
17,Rebecca Keller MD,861-38-2173,"USNS Davis
FPO AP 25716",N,miles
18,Erin Brown,798-70-9405,"04582 Webb Path
North Samuel, AS 77256",N,miles
19,Amy Willis,236-34-8391,"402 Todd Land Suite 890
East Michael, SD 26660",Y,miles
20,Gabrielle Rodgers,312-60-2748,"147 Hill Shores
Port David, GU 07125",Y,hours
21,Andrea Clark,899-95-5322,"287 Nelson Stream
Donnaville, WY 94229",N,hours
22,Leonard King,040-22-7952,"563 Renee Summit Apt. 089
North Georgemouth, WY 96813",Y,hours
23,Scott Mcgee,513-66-5153,"27361 Williams Neck Apt. 476
Tranbury, TN 73278",Y,miles
24,Rachel Jackson,582-12-5612,"441 Trevino Pine Apt. 359
North William, IN 81675",N,miles
25,Warren Gardner,782-39-7116,"618 James Vista
Baileyshire, AR 93471",Y,hours
26,Deborah Daugherty,174-70-7868,"1444 Kennedy Square
Schaeferburgh, CA 85004",N,hours
27,Roger Kim,438-82-8799,"0467 Julie Island Apt. 300
Barnesfort, MA 44805",Y,hours
28,James Rodriguez,359-22-3278,"3709 Matthew Brook
East Robert, IN 49906",Y,hours
29,Christopher Burns,300-24-6140,"7098 Mark Roads Suite 253
Mccarthybury, SC 39965",N,hours
30,Brendan Ford,148-44-7340,"2455 Coleman Drive
Chrishaven, LA 07357",N,hours
31,Kristin Young,316-38-7347,"2941 Mark Brook
West Patricia, MS 53369",N,hours
32,Alexandria Lloyd,283-81-7748,"8481 Amy Ferry Apt. 075
Lake Rebeccafurt, FL 35079",N,hours
33,Brandon Dennis,470-20-5899,"5839 Castillo Gardens Apt. 744
Jillianfort, CT 23981",N,miles
34,Rebecca English,328-56-2277,"378 Mccoy Mills Apt. 280
Lake Steven, MD 73153",N,miles
35,Tyler Shaffer,662-78-1875,"34894 Jonathan Parks Suite 042
Jamiestad, NM 23539",N,hours
36,Lauren Hanson,541-11-7407,"679 Jordan Spring Suite 694
North Elizabethland, CO 61872",N,hours
37,Kenneth Fowler,063-09-6310,"5139 Wheeler Harbor Apt. 589
Fitzpatrickton, NJ 99384",N,miles
38,Caitlin Ritter,342-06-8605,"PSC 3116, Box 9021
APO AP 78743",Y,hours
39,Tim Barr,560-91-6043,"86534 Rodriguez Extensions
Mejiafurt, IA 73527",N,hours
40,Megan Sellers,612-15-3807,"53591 Williams Alley
Lake Kyleton, DE 97784",N,miles
41,Christopher Blackwell,401-93-1688,"566 Reeves Burg Suite 144
South Jennifer, MA 89018",N,hours
42,Sydney Butler,048-25-1792,"69472 Shaun Drive Suite 455
Rachelstad, AR 76900",N,hours
43,John Grant,679-54-6566,"6400 Ryan Prairie
South Joel, CT 03836",Y,hours
44,Charles Oneal,796-65-3115,"2292 Ellis Street Apt. 259
Amyshire, RI 77204",N,miles
45,Todd Roberts,402-95-3595,"218 Michael Neck
Jessicaside, KY 66749",Y,miles
46,Veronica Holmes,180-82-5443,"9292 Smith Plain
West Austin, AL 43599",N,miles
47,Sandra Young,305-41-3018,"93555 Timothy Mission
Combsmouth, NM 04963",N,hours
48,Leslie Davis,657-34-2233,"PSC 3349, Box 3775
APO AE 78805",Y,miles
49,Steven Knight,330-09-1765,"63206 Steven Mountain
Reeseburgh, HI 35304",Y,hours
50,Brittany Curtis,162-44-2672,"Unit 2290 Box 8064
DPO AP 25078",N,hours
51,Wesley Mendez,002-05-9960,"801 Wu Turnpike
Omarstad, DC 20641",Y,miles
52,Melvin Petersen,799-72-3281,"0779 Martinez Manors Apt. 595
Lake Cynthiaside, SD 65446",N,hours
53,William Johnson,624-83-3220,"4612 Ashley Shores
Woodwardburgh, SC 41583",N,miles
54,Angela Davis,269-04-1659,"9677 Austin Extensions Suite 644
North Kristen, NH 90159",Y,hours
55,Jessica Robertson,605-35-4257,"3627 Ware Parkways Apt. 709
Lake Kimberly, ND 46231",Y,miles
56,Mitchell Mitchell,365-62-9973,"2654 Moreno Dale
Chenburgh, ID 92197",Y,miles
57,Mark Williams,859-14-8179,"371 Chang Mills Suite 242
Brianachester, GA 04544",N,hours
58,Anne Allen,437-30-3339,"688 Hardy Pine
Leeport, WA 31566",N,hours
59,Beth Vaughan,861-94-1376,"806 Shane Stream Suite 050
East Lauren, AS 05936",Y,miles
60,Samantha Flores,182-06-1986,"9163 Steven Place Suite 873
East Michael, AR 27957",Y,hours
61,Lydia Cobb,444-78-0246,"371 May Gateway
Edwardsfurt, OK 86186",Y,hours
62,Amanda Guzman,549-57-4308,"24087 Misty Turnpike
Petersonland, TN 19395",N,miles
63,Brandy Richardson,309-85-0939,"38592 Nicholas Mountains Suite 039
Campbellborough, PW 72270",N,hours
64,Miranda Nelson,623-40-8754,"717 Kathy Causeway
Victoriamouth, IA 04535",N,miles
65,Emily Powell,322-02-8227,"7980 Robert Trail
Snyderland, PR 49284",Y,hours
66,Ian Wilson,099-32-4212,"USCGC Nicholson
FPO AA 56502",Y,miles
67,Mariah Richardson,123-58-1840,"0459 Hughes Inlet Apt. 023
Jasonshire, OH 53188",Y,miles
68,Joseph Moreno,823-09-5533,"43985 Rebecca Vista Apt. 041
New Gregory, AL 40903",N,miles
69,Stacy Leonard,498-63-6236,"60945 Johnston Run
New Lisafort, AK 01902",Y,miles
70,Andrew Murray,493-50-9875,"550 Brandon Plains Apt. 539
Amberburgh, ME 97074",Y,miles
71,Duane Fowler,602-24-6030,"075 Robert Drive Suite 357
Grantshire, AL 85936",N,hours
72,Sylvia Pham,410-49-1616,"3178 Barnes Drive
Ramoston, AK 19405",Y,miles
73,Michael Hartman,346-91-5915,"1113 Courtney Crossing Apt. 554
Turnermouth, ND 45903",N,miles
74,Chad Whitehead,057-93-7789,"487 David Locks
Cherylville, AL 72870",N,miles
75,Kevin Schultz,739-55-6707,"249 Kelley Mountain
Kylebury, MO 01392",N,miles
76,Valerie Thompson,667-45-6505,"46785 Johnson Glens Suite 514
Hendersonshire, WI 15336",N,hours
77,Benjamin Lewis,302-75-3275,"221 Strong Square Apt. 589
South Aliciaport, NY 92559",N,hours
78,Mark Hoover,134-88-4316,"044 Cox Bypass
Collinsfurt, DE 68071",N,hours
79,Kevin Owens,151-90-8238,"8021 Lisa Highway
Joshuashire, WY 22636",Y,hours
80,Jose Brewer,582-75-7427,"8284 Michelle Motorway
Port Walterview, NM 31364",N,miles
81,Michael Mitchell,336-34-9689,"552 Joseph Square Apt. 457
Lake Geraldmouth, DE 14731",N,miles
82,Mario Reynolds,436-73-8182,"5088 Andrea Ford Suite 622
South Andrew, WI 34436",Y,miles
83,Taylor Martinez,814-83-7651,"88838 Brown Underpass Suite 230
New Stephaniestad, PA 80001",Y,miles
84,Robert Jones,573-55-1495,"PSC 3410, Box 3637
APO AA 34357",N,hours
85,Ronald Casey,783-03-3788,"291 Wood Ford Suite 971
South Frank, RI 27146",Y,miles
86,Thomas Nguyen,375-11-7545,"62328 Stone Inlet Apt. 005
North Lanceborough, PA 71654",Y,miles
87,Tiffany Payne,351-13-6962,"05220 Sanchez Camp Apt. 492
Wongbury, VA 47821",N,miles
88,Joshua Garcia,319-72-7875,"41931 Michael Light
East Williamport, NM 85268",Y,hours
89,Thomas Gonzalez,870-56-4248,"904 Holly Course Apt. 599
North Robert, AR 76466",N,hours
90,Linda Cherry,772-77-8389,"3911 Owen Viaduct Apt. 723
Robertshire, WV 94735",N,hours
91,Dustin Calhoun,488-33-9556,"58649 Steven Mall
Port Brandy, UT 56295",Y,miles
92,Jonathan Johnson,672-50-9953,"36475 Gonzales Course Suite 257
West Natalie, DC 52317",N,hours
93,Tiffany Russell,862-52-4632,"4379 Stone Loaf Apt. 156
Wilsonmouth, ID 29165",N,hours
94,Alexander Villa,169-67-1185,"63760 Cindy Greens Suite 336
North Shannonberg, IN 84031",Y,hours
95,Rachel Tran,049-21-7170,"0033 Whitaker Walks
New Gregory, LA 55453",Y,hours
96,Connie Anderson,828-31-4799,"579 Aaron Inlet
West Pamelaview, HI 11229",Y,hours
97,Gary Harrison,433-01-6031,"73451 Rodney Cape Suite 963
Mindyview, AS 83193",N,hours
98,Christopher Reynolds,773-80-1662,"21764 Mcintosh Ville Suite 517
Dixonview, WA 52474",Y,miles
99,John Powell,717-03-6503,"3684 Rosales Plain Suite 899
Johnchester, TX 08808",N,miles
100,Anthony Shepherd,613-21-7043,"81245 Laura Forest Apt. 844
Morganmouth, IN 02682",N,miles
101,John Boyd,097-01-3911,"48843 Davis Estate
Lake George, MI 85448",Y,miles
102,Veronica Schultz,845-15-9473,"85757 Ashley Locks Suite 489
Dillonfort, NM 94273",Y,miles
103,Nathan Sanders,630-24-4654,"56676 Stanton Parks Apt. 805
Dustinland, NJ 41736",Y,miles
104,Brittany Perry,747-65-5704,"11375 Heather Creek Suite 143
Moralesburgh, IN 39417",N,hours
105,Taylor Miller,394-52-5432,"60781 Marks Lock Apt. 854
East Deborahland, AS 24806",Y,hours
106,Monica Cooper,892-72-1991,"11558 Wilson Lakes
Port Michaelshire, DE 24966",Y,miles
107,Adam Mullins,513-16-3949,"17975 Ortiz Pike
Callahanburgh, ME 30697",N,hours
108,Christopher Wilkerson,317-06-1931,"21573 Estrada Mill
Michaelburgh, LA 28456",N,miles
109,Ashley Perez,843-67-3004,"985 Daniel Valleys Suite 236
Sullivanmouth, OR 73726",N,miles
110,Peter Kirk,449-88-1954,"8141 Michael Knoll Apt. 810
West Barbara, IN 81347",Y,miles
111,Ashley Meyers,633-25-5696,"554 Jessica Fork Apt. 113
Nataliehaven, MT 90036",Y,miles
112,Richard Cooley,085-33-1574,"0982 Nelson Station
North Joseborough, KS 87910",Y,miles
113,Daniel Jenkins MD,847-88-9844,"4432 Jensen Inlet
Lake Robertchester, MD 93051",Y,hours
114,Stephanie Patton,691-90-2613,"25453 Cain Field
Curtishaven, IL 38361",N,hours
115,Lisa Fisher,886-09-2933,"950 Joanna Coves
Hendrixstad, TN 97032",N,hours
116,Tanner Clark,440-61-0301,"5114 Olson Circle Suite 678
West John, VT 67410",Y,miles
117,Gail Mcgee,759-14-3721,"427 Susan River Suite 250
Andrewmouth, MN 90196",N,hours
118,Justin Smith,324-43-5446,"400 Hughes Island
Whiteside, VT 15256",Y,miles
119,Nicole Salazar,503-86-3727,"PSC 3718, Box 6094
APO AE 56532",Y,miles
120,Chloe Brown,545-21-1987,"611 Ashley Shore Apt. 880
Robertsside, PW 95467",N,hours
121,Russell Gonzalez,440-26-3480,"859 Kirk Junctions Apt. 412
Melodyton, UT 29574",N,miles
122,Lisa Scott,085-97-5720,"0651 Greer Run
New Edward, UT 16876",Y,miles
123,Jennifer Chang,023-80-4108,"82376 Terri Place
New Sarah, MT 12497",N,miles
124,Laura Walker,820-15-5027,"PSC 6442, Box 3997
APO AP 19389",N,miles
125,Joshua Brown,227-09-0594,"23234 Ronald Summit Apt. 297
Port Julietown, KY 51630",Y,miles
126,Francis Bentley,124-40-4588,"8472 Stephens Gardens
Lake Jeffreyhaven, SD 33810",Y,miles
127,Victoria Tran,254-81-9684,"933 Watkins Mission
North Kristin, CA 96990",Y,miles
128,Jose Green,828-40-7742,"891 Jennifer Causeway Suite 145
West Kevin, WY 30419",Y,hours
129,Debra Chan,367-56-8649,"234 Gonzalez Turnpike
North Joseph, AZ 75924",N,hours
130,Jeffrey Lopez,812-24-0804,"53710 Brooks Greens
Andrewsmouth, MP 68976",Y,hours
131,Christopher Turner,770-91-5105,"141 Cody Mission Apt. 608
East Melinda, MO 00905",N,miles
132,Courtney Weber,293-24-4958,"0026 Banks Inlet Suite 342
Youngton, FL 46091",N,hours
133,Sandra Hahn,230-57-5595,"3155 Kimberly Prairie Suite 101
West Christopher, AK 99174",Y,miles
134,Sean Mason,438-29-3968,"8414 Christian Knolls Apt. 154
Deborahstad, MA 94194",Y,hours
135,Bryan Morgan,794-50-8320,"808 Phillips Burgs
North Annaland, AL 17756",N,miles
136,Sonya Sloan,563-98-7281,"841 Andrew Views
Lake Brian, AR 04635",Y,hours
137,Alexandria Meadows,070-95-2411,"70713 Samuel Hills
South Peterborough, PW 06391",Y,hours
138,Donna Burke,354-45-6194,"435 Brian Drives
Coxside, AK 32887",Y,hours
139,Christopher Taylor,184-85-1774,"30000 Dawn Extension
Port Colleenchester, GA 01552",Y,hours
140,Christina Hunter,248-46-2696,"171 Regina Brook
South Kaylaland, MS 37121",Y,hours
141,Richard Vang,131-53-8312,"68132 Wells Inlet Apt. 351
Willisberg, NC 01018",Y,hours
142,Marie Stewart,864-76-3164,"12179 Joseph Plaza Apt. 061
Nicholasview, IA 58945",Y,hours
143,Johnathan Green,755-08-7657,"74089 Andrew Port
Hernandezchester, CO 51533",Y,hours
144,Cesar Gallegos,077-25-6560,"Unit 7211 Box 9787
DPO AE 16518",N,miles
145,Katrina Roberts,396-22-3167,"037 Frey Curve Apt. 074
New Christinaburgh, MO 28823",Y,miles
146,Earl Richard,854-11-8749,"5185 Stewart Tunnel Apt. 789
South Scott, MS 35784",N,hours
147,Emily Miller,181-33-2958,"41787 Reynolds Keys Apt. 646
West Amanda, AZ 00973",Y,miles
148,Curtis Peterson,817-38-5426,"317 Mallory Rapid
West Ronnie, CO 06681",N,miles
149,James Barr,710-47-4480,"838 Butler Haven
West Mariashire, MS 66397",N,hours
150,Cynthia Gill,888-88-9061,"983 Nunez Plaza
Johnchester, NJ 86642",N,miles
151,Nancy Becker,669-95-2772,"232 Thomas Camp Suite 855
Christopherport, IL 89937",Y,hours
152,Christina Pope,642-40-9349,"5918 Robert Loaf Apt. 722
Meganborough, CO 61074",Y,miles
153,Tina Martin,771-63-7698,"06484 Gibson Junctions Apt. 818
South Nicholas, NJ 97054",N,hours
154,Veronica Fischer,386-06-5868,"195 Sarah Hills Suite 279
Gonzalesville, GU 09691",Y,miles
155,Martin Kelly,791-72-9362,"645 Juan Brook Apt. 205
South Sharonshire, OK 71408",Y,miles
156,Nicholas Fields,718-42-7948,"87432 Stewart Shoals
Port Paige, MP 37715",N,hours
157,Samantha Holt,474-40-6561,"829 Kim Shoal
Carlsonmouth, KS 49191",Y,miles
158,Mary Mcdonald,639-38-5784,"536 Andrew Lodge
Port Lori, AZ 93958",N,hours
159,Darryl Johnson,369-94-5852,"49968 Christopher Light
Jonathanborough, AR 83732",Y,miles
160,Sharon Craig,856-23-2480,"USNV Hernandez
FPO AP 21392",Y,hours
161,Ryan Cox,090-56-3066,"PSC 3894, Box 2202
APO AP 09445",N,miles
162,Jasmine Holland,044-36-9028,"5501 Castro Cove Suite 810
North Davidberg, VT 54919",N,hours
163,Thomas Larsen,367-44-5787,"17530 Pierce Skyway Suite 415
Nancyport, NY 05786",Y,hours
164,Tracy Williams,801-73-4649,"Unit 0468 Box 4568
DPO AA 07255",Y,miles
165,Christian Lucas,523-48-2994,"929 Bradley Alley Suite 203
Brandonfort, TN 55081",Y,hours
166,Laura Maxwell,078-02-2701,"51605 Rachael Groves Apt. 664
Lake Jeremy, OR 14351",N,hours
167,Natalie Sheppard,375-41-8712,"4825 Erica Valleys
West John, MN 56772",Y,hours
168,Brandy Miller,080-37-7251,"74639 Melanie Fields Apt. 979
Port Ashleyfort, NV 65676",N,hours
169,Melanie Martin,588-94-2066,"4794 Wood Route Apt. 972
West Katrina, DE 02168",N,miles
170,Nathaniel Tapia,853-12-0870,"3730 Smith Passage Suite 724
Lunaborough, MT 01695",N,hours
171,Daniel Franklin,307-40-4986,"0088 Franklin Plaza Apt. 852
Lawrenceville, NM 66154",Y,hours
172,Joseph Huang,396-11-8427,"707 Adrian Brooks
Martinmouth, NH 99740",Y,miles
173,Carl Cole,453-72-3880,"7171 Johnson Isle Apt. 174
Lake Nancy, AK 85794",Y,hours
174,Jacqueline Jacobs,800-75-3537,"31343 Robertson Trail
Fergusontown, ID 10531",Y,miles
175,Brandon Booker,039-41-1979,"911 James Freeway
North Deannamouth, WY 09090",Y,miles
176,Christopher Wolfe,185-65-7638,"Unit 3647 Box 8417
DPO AA 25952",Y,miles
177,Michael Werner,138-73-2313,"0353 Bruce Forges
Lynchborough, IA 26568",N,hours
178,Cynthia Gallagher,020-57-6964,"40879 Charlotte Cove
Johnton, MD 18377",Y,miles
179,Susan Black,314-92-5090,"790 Kelly Manors Apt. 968
South Kelsey, DE 01134",Y,hours
180,James Smith,710-37-6067,"90850 Erin Union Apt. 119
Courtneyburgh, SC 47028",N,hours
181,William Williams,435-62-2284,"2092 Lamb Lane
New Lisa, UT 37693",N,miles
182,Jasmin Cisneros,026-81-8804,"997 Matthew Circle Apt. 892
Dustinhaven, MO 04609",N,hours
183,Michelle Fry,635-87-9284,"052 Henry Crescent
Martinborough, SC 75159",Y,hours
184,John Williams,225-93-4015,"98088 Charles Forges
New Alexanderfurt, MT 73467",Y,hours
185,Paul Nelson,531-40-0308,"179 Michelle Lakes Apt. 344
Turnerville, GU 67500",Y,hours
186,Kimberly Rose,604-95-7599,"579 John Parks
New William, TN 44535",N,hours
187,Mary Johnston,633-96-3678,"3087 Sara Circle
Sosaville, ID 79678",N,miles
188,Nancy Arias,562-12-7350,"92870 Lee Junctions Suite 427
South Dustinbury, NY 38374",Y,miles
189,Donald Nielsen,869-37-7918,"20670 Michael Lane Apt. 139
Pattersonborough, ND 41939",Y,hours
190,Cameron Davenport,846-15-9656,"63293 Karla Lock Suite 858
Port Joshuafort, WV 81424",N,miles
191,Mark Lutz,184-51-2233,"9578 Davis Ports
West Christieview, FL 62656",Y,hours
192,Randy Owens,215-66-0402,"744 Miller Trail
Codyfurt, GU 74925",Y,hours
193,Cindy Frazier,891-34-3491,"76007 Jerry Locks
Christineland, KS 54372",Y,miles
194,Janet Davis,779-43-7724,"Unit 0843 Box 8855
DPO AP 43376",Y,miles
195,Matthew Kelley,223-80-2318,"525 Ryan Field
Juliefurt, NY 35860",Y,miles
196,Michael Hardy,499-65-7649,"26593 Green Turnpike Suite 318
East Peggy, TX 69919",N,miles
197,Holly Ward,735-38-7801,"624 Bender Prairie Apt. 221
Michaelbury, TX 19821",N,hours
198,Emily Manning,735-27-2523,"1807 Dorsey Island Apt. 134
Lake Michelleberg, DC 39619",Y,hours
199,Robert Anderson,384-14-6216,"USNV Guerrero
FPO AA 05975",N,miles
200,Juan Osborne,772-52-9984,"6917 Thomas Road Apt. 981
Bestshire, AL 40465",Y,miles
201,Nancy Scott,222-33-0388,"82509 Michael Turnpike
Johnsonchester, KY 38383",N,hours
202,Jeffery Williams,479-11-2061,"Unit 6103 Box 1030
DPO AE 58013",N,miles
203,Angel Thompson,685-63-8698,"001 Beth Green
Lake Mary, FL 69400",Y,miles
204,Crystal Evans,110-25-1231,"4026 Francis Ramp Apt. 465
Weaverfurt, MA 39171",Y,miles
205,Gavin Delgado,513-09-1600,"98907 Anthony Union
Thomasborough, MI 90485",Y,miles
206,Wayne Weaver MD,004-75-2739,"75513 Emily Stravenue
New Mariomouth, AR 18013",N,hours
207,Kathleen Ray,607-35-6769,"6490 Schmidt Mews Suite 648
Port Michaelview, CT 66808",Y,hours
208,Amy Bell,224-20-2541,"40895 Parker Gardens
Mccormickbury, WY 00624",Y,hours
209,Michelle Ramirez,658-65-8349,"6114 Richard Mountains
North Kevin, MH 06648",Y,hours
210,John Garcia,251-69-0250,"0175 Clifford Station Suite 874
Laurenfort, AL 57032",Y,hours
211,Nicholas Mann,820-29-1919,"779 Kelly Via Apt. 732
Goldenborough, AS 42755",N,hours
212,Betty Torres,891-72-7780,"Unit 9177 Box 5316
DPO AE 84719",Y,miles
213,Bradley Serrano,251-41-3442,"01262 Lisa Inlet Apt. 629
South Richard, OH 52036",Y,miles
214,Roy Smith,504-73-3687,"945 Angela Ranch
New Jessicaview, UT 86518",N,hours
215,Andrea Watts,821-12-1113,"52880 Steven Shoals
West Rachelhaven, MH 11103",N,miles
216,Shelly Hayes,412-65-9204,"06588 Perry Hills
Jameschester, SD 95659",Y,hours
217,Luis Gomez,318-69-7020,"2327 Smith Vista Suite 936
Wolfemouth, NC 16329",N,hours
218,Sandra Lopez,126-09-7788,"50229 Robinson Inlet Suite 538
Lake Matthewton, MP 69652",Y,miles
219,Jacob Williams,223-57-0643,"719 Kim Meadows Suite 618
South Dalefort, WV 29238",Y,miles
220,Kevin Gilbert,494-81-3416,"998 Richard Radial Apt. 790
Port Michael, AK 05473",N,hours
221,Michael Campbell,783-93-8838,"43478 Kelly Skyway
East Rachel, DE 71220",Y,hours
222,Marilyn Branch,383-81-9503,"337 Scott Grove
New Monica, IA 80336",N,miles
223,Robin Woodward,380-68-3629,"52208 Shari Fords Apt. 404
Maciasview, WI 82739",Y,miles
224,Kimberly Smith,826-57-2654,"USNS Davis
FPO AP 22975",N,hours
225,Morgan Sutton,683-41-1191,"2900 Anthony Lodge
North Erica, UT 69555",Y,miles
226,James Cannon,331-53-2935,"9646 Evelyn Junction
Lake Kevin, MD 40549",N,hours
227,Jennifer Velasquez,495-14-9160,"30675 Donald Stravenue
Valerieside, NE 38449",Y,hours
228,Jeffrey Jackson,021-32-8501,"80732 Stewart Meadows Apt. 352
Juliechester, FM 76860",N,hours
229,Stephanie Gibson,374-24-1361,"65899 Lawrence Parkway
Mccannfurt, FL 88621",N,hours
230,Dustin Rios,237-56-6409,"2790 Gonzales Square
North Tonyville, OR 66076",N,miles
231,Laura Lee,178-55-2037,"710 Roach Place Suite 538
Colemanshire, ID 70724",Y,miles
232,Amy Norman,829-15-4478,"97625 Felicia Way
New Jenniferland, AZ 13247",Y,miles
233,Jeffrey Spencer,265-71-1000,"Unit 1345 Box 1304
DPO AE 39198",Y,hours
234,John Rivera,302-20-6284,"56257 Payne Lodge
East Danielleland, NM 29220",Y,hours
235,Robert Garcia,444-81-8448,"5414 Sherry Station Apt. 969
Blairstad, TX 57079",Y,hours
236,Adam Brown,253-75-6344,"25233 Rivera Springs Apt. 398
North Miguelview, VI 23060",N,miles
237,Ryan Myers,235-39-9777,"13224 Joseph Squares
West Andrewmouth, NH 24769",N,miles
238,Cheryl Erickson,501-01-7468,"30166 Nicholas Path Apt. 432
Kramerside, MN 52677",Y,miles
239,Kelsey Perkins,190-92-8958,"429 Ryan Trafficway
Janetfort, KS 12556",N,miles
240,Natalie Fisher,354-14-5991,"1510 Ryan Drive Suite 617
New Anthony, SC 95890",Y,miles
241,Melissa Kelly,893-28-6041,"3519 Megan Drive
New James, IA 19495",N,miles
242,Kenneth Johnson,620-72-6196,"3643 Smith Rapids Suite 834
Williamschester, GA 28370",N,miles
243,Richard Sanchez,569-26-4716,"5844 Barbara Isle Suite 844
New Evan, AZ 35181",N,hours
244,Michael Vincent,726-26-7552,"284 Mary Rue Suite 377
Lake Harold, MN 25756",Y,miles
245,Kaitlyn Gonzalez,569-97-6115,"2653 Eric Lane
Colemanshire, OH 86009",N,miles
246,Crystal Ford,826-16-0016,"USNS Jacobs
FPO AE 52346",N,miles
247,Elizabeth Long,433-11-4142,"748 Travis Trail Apt. 891
Lake Jeffery, SD 17261",N,hours
248,Jeremiah Johnson,477-90-3506,"563 Buck Stravenue Suite 982
North Amberville, CA 09717",N,hours
249,Jennifer Browning,624-01-7874,"3725 White Hills Suite 156
Williamsonview, AS 70988",N,miles
250,Donna Fisher,088-34-2823,"705 Caldwell Burg
Desireebury, IA 96376",N,hours
251,Gary Smith,432-04-0981,"1847 White Views Apt. 379
Thomasville, MD 54001",Y,miles
252,Michael Huerta,013-03-5989,"95045 Crystal Locks Suite 355
Fisherview, NV 77274",Y,hours
253,Kimberly Singleton DDS,007-02-3019,"41734 Javier Heights Suite 120
West Richard, WI 98505",Y,hours
254,Tyler Terrell,768-65-4963,"8776 Denise Rest Apt. 816
Craigborough, WV 14193",N,miles
255,Sonia Rivera,195-82-9023,"24369 Shelley Views Suite 393
East Miguelport, WA 59717",Y,miles
256,Catherine Roberts,195-27-7218,"9370 Cole Mission Apt. 714
Port Markview, OK 25784",Y,miles
257,James Curtis,262-81-1705,"356 Anthony Hills
Torresport, TX 60361",Y,miles
258,John Castro,848-89-2943,"1485 Ramos Ranch Suite 388
East Shawn, VT 52021",N,hours
259,David Stein,518-97-7203,"PSC 8207, Box 6138
APO AP 63712",Y,hours
260,Kathleen Wilson,400-21-8934,"5296 Jessica Trail
Josephbury, FL 22735",N,hours
261,Julia Acevedo,799-33-4660,"2015 Julie Common Apt. 430
New Christopherberg, OH 50246",Y,miles
262,Jon Khan,067-78-2976,"6238 Smith Vista Apt. 911
North Nathan, IA 62069",N,miles
263,Kelly Anderson,041-79-7313,"047 Patricia Path
East Jenniferside, PA 81573",N,hours
264,Katherine Garza,332-88-6492,"648 Perez Extensions Apt. 353
West Briannaberg, SC 47561",Y,hours
265,Barbara Kelley,631-09-7235,"USS Smith
FPO AE 01416",Y,miles
266,Gabrielle Adams,265-51-3063,"328 Thomas Light
New Sophiaville, AS 59532",Y,miles
267,Alexandria Robinson,118-74-5077,"34806 Sanchez Square
Collinsbury, ID 33103",Y,hours
268,Kayla Chapman,710-34-5451,"228 Matthew Street
West Tyler, FM 11624",Y,miles
269,Matthew Barnes,629-63-2217,"2275 Brown Cape Apt. 514
Port Derrick, MP 71062",N,hours
270,Jeffery Weiss,093-10-2791,"4487 Joe Mountain Suite 167
Lake Michael, MP 19571",Y,miles
271,Jamie Hernandez,604-95-4257,"Unit 2240 Box 2599
DPO AA 44143",Y,miles
272,Steven Valentine,687-93-6234,"856 Keith Loaf
North Janettown, DC 73277",N,hours
273,Melissa Martin,596-06-9703,"514 Brandon Mission Apt. 723
Port Alexandermouth, OR 46344",Y,hours
274,Jennifer Munoz,751-32-2622,"662 Penny Landing Suite 236
Chanhaven, HI 56652",N,miles
275,Troy Mack,734-09-1143,"5518 Jacob Lock
Johntown, NH 91918",Y,hours
276,Beth Acosta,428-58-8092,"404 Mcbride Terrace Suite 480
Brookeside, IA 85380",Y,hours
277,Phillip Charles,069-06-9991,"0397 Anthony Square
Abbottview, FM 72290",N,hours
278,Charles Garcia,863-54-6951,"625 Miles Shoals
Port Anitaburgh, TX 76020",Y,hours
279,James Martinez,214-51-6706,"6690 Murray Motorway Suite 780
North Ebonybury, ME 39514",N,hours
280,James Hunt,809-70-1175,"6536 Robert Square
Parsonsfurt, TN 51995",N,miles
281,Michael Rodriguez,181-24-1826,"67727 Kelly Square Suite 251
Kaylatown, OK 47222",Y,miles
282,Tanya Blanchard,883-25-8849,"6854 Kerri Extensions
Pricefurt, OH 97981",Y,hours
283,Anthony Bell,636-74-3264,"46217 Parker View Apt. 847
Carlosside, MA 07065",Y,hours
284,Kathy Davis,880-26-6182,"5670 Hayes Mountain
South Lisaborough, OH 41333",N,miles
285,Bradley Olson,519-85-7344,"1561 Isaac Inlet
Gallagherview, VA 98634",N,hours
286,Shelly Harris,432-57-5222,"854 Anderson Plain Apt. 560
Murphytown, OR 29599",Y,hours
287,Robert Jenkins,319-81-0688,"PSC 3077, Box 5987
APO AA 34785",Y,miles
288,John Burns,579-51-0894,"3913 Roy Throughway
Claytown, NV 02224",N,hours
289,Bernard Kennedy,546-76-5945,"2359 Hall Gateway Suite 851
Webbton, VI 52566",Y,hours
290,William Palmer,498-60-0323,"4930 Hannah Islands Apt. 106
North Sarahberg, WY 65015",Y,miles
291,Nicholas Carter,828-59-7991,"PSC 4640, Box 9095
APO AE 18622",N,miles
292,Hannah Hall,155-77-0765,"5384 Johnson Pike Apt. 875
Jordanville, MT 02744",Y,hours
293,Amy Johnson,149-07-1267,"122 Brendan Circles
Tinaville, IN 25372",N,hours
294,Heidi Adams,121-49-7167,"55856 Donaldson Freeway
Huberville, WI 78310",Y,hours
295,Jerry Nguyen,025-85-9527,"56168 Rivera Station Suite 360
Allisonfort, NE 89211",Y,hours
296,James Smith,584-40-9588,"8887 Hailey Square
South Crystalville, SD 86476",N,miles
297,Jamie King,616-94-2553,"Unit 8521 Box 8008
DPO AA 91541",N,miles
298,David Gonzalez,895-13-1773,"62590 Rojas Corner Apt. 327
Linmouth, AZ 23334",Y,hours
299,Grace Campbell,406-53-0341,"2149 Alan Way Apt. 464
New Tomstad, HI 53535",N,miles
300,Mary Miller,758-99-7766,"86925 Tyler Plaza Apt. 085
Rogerview, NC 52348",N,miles
301,Amanda Garrett,017-51-5972,"4799 Stewart Fords Apt. 018
Lake Kylieside, KS 05287",N,miles
302,Michelle Brown,844-20-2506,"5343 Patty Dam
Lake Tanya, LA 01834",Y,hours
303,Dr. Emily Smith MD,576-59-9091,"98866 Austin Ridge
East Richard, MO 83981",Y,miles
304,Julie Ortiz,016-50-2423,"9977 Andrew Fall Apt. 979
Lake Joshualand, PW 74782",N,miles
305,Jeffrey Stephens,822-23-4476,"087 Joseph Hill
West Ashley, WY 47227",N,miles
306,James Bennett,046-31-0280,"17983 Diana Wall
Williamsstad, CA 00848",Y,hours
307,Peggy Harrison,695-89-4097,"3481 Elizabeth Club Apt. 762
West Tiffany, MS 33341",N,hours
308,Randy Mayo,605-68-8954,"05794 Phillip Port Apt. 866
Michaelview, WI 31137",N,miles
309,Megan Williams,316-67-1087,"452 Benjamin Crest Suite 401
Whiteburgh, GA 48507",N,hours
310,Vincent Little,858-52-8089,"USCGC Wallace
FPO AE 23532",N,miles
311,Christine Anderson,768-21-9965,"028 Ryan Islands
Weaverville, SC 72360",N,miles
312,Edwin Golden,798-22-4057,"USCGC Poole
FPO AP 16821",N,hours
313,Charles Rodriguez,339-17-4993,"1998 Mckenzie Highway
Adamland, MP 06063",Y,hours
314,Dr. Vanessa Gardner,370-54-7667,"426 Abbott Extensions Suite 676
Hessburgh, ID 12847",N,hours
315,Amanda Smith,651-71-9769,"86400 Patrick Glens Apt. 658
New Theresaburgh, WV 04813",Y,hours
316,Taylor Vega,014-91-4870,"29558 Spencer Parks Suite 486
Richbury, PR 03750",Y,hours
317,Fred Clark,534-27-1894,"2287 Ian Camp Suite 565
East Robert, NJ 19043",N,hours
318,Keith Reese,054-24-4520,"6588 Snyder Streets
East Deniseborough, FM 69777",Y,hours
319,Dustin Powell,034-53-1331,"2681 Cervantes Parkways
Leeburgh, IA 61420",N,miles
320,Cory Barnes,865-60-1204,"305 Kyle Bypass
South Coreyside, IN 99659",Y,miles
321,Mary Barber,539-59-4009,"918 Garrison Viaduct
Evansburgh, FM 42779",N,hours
322,Kendra Lopez,717-15-9187,"PSC 1954, Box 8353
APO AE 49813",Y,miles
323,Taylor Hernandez,025-11-5270,"Unit 0888 Box 3754
DPO AA 32244",N,hours
324,Morgan Taylor,507-24-8667,"908 Donna Hills
West Cynthiaton, VI 72431",Y,miles
325,Brian Sloan,284-79-9887,"7133 Debra Knoll Apt. 906
Brownton, WA 46479",N,hours
326,Edwin Nunez,039-80-6786,"339 Sue Extensions
Fieldsshire, HI 61423",Y,miles
327,Patrick Reid,368-13-2850,"Unit 1932 Box 3034
DPO AE 59087",N,hours
328,Jeffrey Velasquez,740-79-0526,"0436 Butler Dale
South Markberg, VA 36586",N,miles
329,John Richards,894-90-4546,"USNV Bowen
FPO AP 75136",N,miles
330,Darlene Gibbs,052-46-6441,"Unit 6494 Box 2646
DPO AA 74724",Y,hours
331,Ashley Stewart,674-31-6408,"3298 Allison Divide
North Marychester, NM 59840",N,hours
332,Andrew Wyatt,044-09-3304,"936 Pittman Ridge Apt. 576
Katherineton, IL 89822",N,hours
333,Rebecca Higgins,141-73-0616,"2048 Burgess Fall Suite 804
Obrienton, MS 48677",N,miles
334,Amanda Montgomery,377-16-6686,"99821 Pena Fords
Lesliemouth, NC 13527",Y,hours
335,Wesley Caldwell,357-63-8408,"084 Morgan Drive
Garciaton, NJ 45785",Y,miles
336,Don Davis,847-05-3259,"050 Joseph Mountains Suite 412
South Stacey, NH 34249",N,hours
337,Robert Wilson,490-52-1544,"86129 Villegas Ferry
Lake Erica, IN 38156",N,miles
338,Julie Scott,463-67-5360,"29051 Renee Courts Suite 600
Port Denise, FL 83995",Y,hours
339,Micheal Thompson,626-85-3548,"1424 Kimberly Greens
South Hectormouth, OK 37653",Y,miles
340,Melissa Ingram,833-32-4054,"6917 Schneider Islands
Valerietown, MO 04245",N,miles
341,Brian Hill,574-90-9489,"USNV Adams
FPO AA 12682",Y,hours
342,Michelle Wilson,373-99-1644,"59966 Brown Branch
Jasonview, TN 98906",N,hours
343,Kimberly Rice,581-71-3481,"5983 Carmen Plains
East Matthew, ND 43374",Y,hours
344,Kathleen Lambert,569-12-3529,"4384 Monica Rue Suite 085
Wonghaven, MN 03697",N,hours
345,Patricia Lynch,707-58-1661,"265 Stephanie Hills Suite 701
West Jeffreyport, WV 02905",Y,miles
346,Julie Torres,705-27-0492,"USNV Burke
FPO AA 14371",N,miles
347,Lynn Robertson,404-76-7784,"PSC 0869, Box 6004
APO AA 43227",N,hours
348,Jonathan Black,531-55-4909,"2018 Amanda Views
South Jamesland, MN 23697",N,hours
349,Joe Bailey,433-87-8309,"28712 Baker Forge Suite 695
New Kristin, ME 28756",N,hours
350,Jeremy Lane,850-17-3425,"64835 Baker Street Apt. 172
Brianville, VA 02668",N,hours
351,Michael Simpson,135-47-4723,"298 Michael Rest
Schroederstad, MO 08394",Y,hours
352,Richard Patel,387-77-9810,"1511 Glass Mall
Oconnorborough, NE 68805",N,miles
353,Cindy Price,628-75-3033,"4619 Joel Trace Apt. 940
Jonesburgh, VI 74451",Y,hours
354,Dennis Miller,787-51-2542,"602 Marshall Spring Suite 708
Kennedyport, NV 83827",N,hours
355,Tracy Morris,402-81-6800,"294 Mcdaniel Junction Suite 388
North Lindahaven, OK 71343",N,miles
356,Adrian Cruz,102-08-8273,"948 Ann Creek
Michealtown, PR 01631",Y,miles
357,David Hodges,256-51-4865,"819 Cowan Light
Jasonberg, WY 56213",N,miles
358,Jesus Elliott,672-46-9623,"17761 Baker Islands
New Dana, KY 56676",Y,miles
359,Margaret White,314-97-0397,"930 Vanessa Summit Suite 616
Port Jacob, DC 41259",N,miles
360,Erica Ruiz,621-29-9765,"79541 Welch Row
Port Robertland, MH 80256",Y,hours
361,Kristin Pratt,118-46-9260,"54179 Trujillo Walks
Port Patrickmouth, IN 61945",N,hours
362,Samantha Lopez,566-24-9467,"80998 Richard Square Apt. 954
Jonathanhaven, RI 15813",N,hours
363,Anne Davis,417-19-3503,"Unit 3665 Box 2499
DPO AP 98989",N,hours
364,Ryan Ford,020-12-2541,"4452 Massey Port
South Christinamouth, MO 91599",N,hours
365,Connie Figueroa,528-88-0713,"25923 Lane Cliff
Port Ericashire, NM 74877",Y,miles
366,David Avila,190-80-8670,"1675 Samantha Extensions Suite 322
Summersberg, KY 51607",N,miles
367,Michael Townsend,038-06-7305,"624 Joshua Forges Suite 230
Jillianland, PW 50263",N,hours
368,Sophia Figueroa,541-60-9338,"PSC 4559, Box 3304
APO AP 96258",N,miles
369,Brandon Walker,748-10-0246,"7198 Palmer Forge
New Aliciatown, MS 67842",Y,hours
370,Andres Jones,083-84-2503,"3809 Stephanie Forges Suite 297
Port Timothyhaven, DE 19778",N,hours
371,Kevin Doyle,007-84-9185,"62765 Chavez Loop
West Jeremyberg, FM 33224",Y,hours
372,Kathleen Short,665-19-3146,"4138 Jeanette Cliffs Suite 332
West Evanfurt, VI 89008",N,miles
373,Eric Ferrell,559-56-9188,"080 Jeffrey Falls Apt. 716
Robinsontown, MT 52585",Y,miles
374,Philip Krueger,157-09-2977,"30288 Salas Tunnel Apt. 222
Port Alexanderside, PR 69113",Y,hours
375,Raymond Pierce,817-58-7753,"60376 Ryan Walk
Meganborough, PA 59728",Y,miles
376,Jesse Howell,559-28-0278,"48417 Kimberly Islands
East Ericaberg, VI 99608",N,miles
377,Jennifer Turner,719-62-4506,"3263 Carl Parkways Suite 752
South Sean, NC 98565",Y,miles
378,Randy Mcdaniel,682-82-5474,"Unit 4539 Box 1004
DPO AA 05285",Y,hours
379,Heather Roy,763-71-9681,"211 Pierce Stravenue Apt. 322
West Kathrynberg, IL 40321",N,miles
380,Tracy Sanchez,597-97-0760,"1973 Crystal Fields Suite 188
Brandonmouth, SD 62916",N,hours
381,Benjamin Coleman,013-64-3871,"USCGC Kennedy
FPO AP 04159",N,hours
382,Whitney Wood,516-26-8597,"170 Cortez Camp
East Erikport, ID 11452",Y,miles
383,Brent Adams,798-68-8851,"9256 Kelly Causeway
Lake Denise, OK 71835",N,hours
384,Stacey Valencia,619-15-1550,"89709 Natasha Flat
Lake Stephenside, WY 79143",Y,miles
385,Gabrielle Sims,029-16-1803,"43124 Smith Viaduct Suite 401
Lake Laurafort, GU 38423",Y,hours
386,Shirley Lewis,524-75-3408,"37004 Ware Ports
West Meganfurt, MN 04144",N,miles
387,Kim Lopez,237-48-3267,"29759 Antonio Fork
Gonzalezland, NY 46360",Y,miles
388,Kristen Leonard,335-83-0618,"91045 Beverly Trafficway
Harrishaven, SC 35578",N,miles
389,Jerry Lopez,140-34-4867,"15633 Garcia Parks
Lake Kennethborough, PR 11668",Y,hours
390,Ashley Spence,275-20-1278,"Unit 7245 Box 4246
DPO AP 07206",N,hours
391,Noah Romero,123-29-6641,"866 Michael Spur Apt. 662
North Davidbury, VI 21210",Y,hours
392,Amanda Santos,010-45-2483,"449 Shannon Lane Suite 187
West Tiffanyville, PA 72684",N,miles
393,Benjamin Mitchell,476-94-2449,"73787 Michael Viaduct
Marcshire, CO 05755",Y,hours
394,Kimberly Pope,153-13-5880,"953 Scott Junction
Gonzalezhaven, VT 34555",Y,miles
395,Melissa Bradley,805-11-1947,"7396 William Ramp Suite 043
Ryanburgh, IA 93961",N,hours
396,Sara Holmes,674-99-5762,"17648 Mendoza Lake
Port Amandahaven, HI 51381",Y,miles
397,Helen Hanson,315-99-7915,"5848 Bailey Mount
New Matthewtown, WY 59191",N,miles
398,Lindsay Jensen,302-15-9033,"83909 Estrada Lake Apt. 467
Davidland, OR 60846",Y,miles
399,Jessica Smith,382-15-3842,"1290 Ashley Stravenue
Taraport, TN 75679",N,miles
400,Theresa Griffin,518-75-4892,"8779 Craig Grove Apt. 090
Thompsonmouth, AR 48183",N,hours
401,Ashley Walter,275-88-3558,"USCGC Glover
FPO AP 17262",Y,hours
402,Brittany Stevens,267-05-3913,"46397 Erica Ranch Apt. 348
Anthonyshire, CO 65073",N,hours
403,Karen Gates,143-37-2813,"5094 Gonzalez Crest
Jonesstad, WV 10892",N,hours
404,Andrew Fischer,138-68-3074,"6151 Flores Path Suite 874
Davisville, SD 80893",N,hours
405,Joseph Hale,736-80-5081,"Unit 0316 Box 8918
DPO AA 14120",N,hours
406,Sharon Campbell,047-48-7976,"09049 Michael Port
Simpsonport, NV 73250",N,miles
407,Eric Owens,337-33-0212,"33644 Cole Harbor
Lake Sethland, ID 60709",N,hours
408,Brian Jenkins,574-68-9949,"78657 Kevin Circle Apt. 702
Jenningsfort, OK 46683",Y,miles
409,Douglas Holt,176-62-9166,"9279 Stephanie Lodge
Gomezborough, ID 80382",Y,miles
410,Colton Adams,183-84-9913,"05020 Pierce Plains
Fowlerport, NE 93532",N,hours
411,Brian Holder,066-53-3860,"Unit 3793 Box 8822
DPO AE 51156",N,hours
412,Debra Armstrong,602-28-7246,"29412 Lewis Manor Apt. 455
Port Jennifer, AL 02979",N,hours
413,Angel Roberts,566-46-0906,"49054 Wilcox Pines
Mirandaville, ME 67019",N,miles
414,John Andersen,835-88-9298,"98695 Hernandez Forest Apt. 279
North Nancyshire, ND 75697",Y,hours
415,Sarah Hudson,481-65-1589,"353 Virginia Locks Suite 684
Suarezport, WA 54429",N,hours
416,John Lee,076-48-9758,"304 Davidson Center
Lake Thomasmouth, WV 40089",Y,miles
417,Eric Rodriguez,722-10-4967,"5160 Watson Ridge Apt. 920
Lake Theresabury, AS 56681",Y,hours
418,David Long,491-45-6532,"4533 Cannon Circle Apt. 526
Kristenhaven, OH 02947",Y,miles
419,Robert Mullen,403-65-1132,"32738 Kelly Fork Suite 080
Timothystad, NH 51756",N,hours
420,Amber Barron,517-63-3540,"40653 Ashley Mount
West Davidtown, DE 71743",N,hours
421,Kayla Gonzales,417-29-8933,"7384 Courtney Stravenue
Gallegostown, AL 21912",N,hours
422,William Kim,584-05-8018,"9195 Hickman Burg
Shawnberg, IA 27166",N,miles
423,Sheila Avila,320-77-8797,"5348 Brown Plain Apt. 140
Lancemouth, MA 45620",N,hours
424,Erika Bradley,597-26-8081,"482 Joshua Fields
Jenniferfort, FL 02010",Y,miles
425,Rebecca Dixon,766-59-4073,"874 Garner Hollow Apt. 429
Reeseport, CT 27853",Y,hours
426,Kelsey Rhodes,126-67-2262,"7257 Mann Ford Apt. 649
South Michael, ID 00507",Y,miles
427,Clinton Davenport,577-93-1616,"USNV Griffin
FPO AE 93325",N,hours
428,Patrick Gordon,337-17-7210,"98593 Johnson Shores
South David, MS 49643",Y,hours
429,Terry Rivers,271-77-3518,"0954 Tara Cove
South Kari, VA 64165",Y,hours
430,Leslie Cruz,436-49-2436,"5350 Todd Ridge
Jacobberg, SC 67272",N,miles
431,George Soto,791-93-1025,"Unit 5027 Box 2091
DPO AP 28380",Y,hours
432,Daniel Moreno,164-47-7432,"46078 Gary Drives Suite 317
East Danielton, MO 19033",Y,hours
433,Stephanie Walker,542-09-4749,"77584 Moran Fall Suite 898
Oconnellbury, PW 63082",N,hours
434,Craig White,787-60-7558,"360 Mark Landing
Brownfort, ID 30747",N,hours
435,Christian Howe,746-64-4680,"9871 Peterson Glen Apt. 052
South Ashley, AK 06377",N,hours
436,Lindsay Deleon,884-39-0823,"1829 William Creek
Cainberg, GU 95285",N,miles
437,Mr. Joshua Mills,609-71-7493,"945 Autumn Coves Suite 354
North Anthony, ID 38942",N,miles
438,James Medina,122-33-1115,"7270 Mary Islands
Tammymouth, CA 15519",N,hours
439,Margaret Jones,021-27-3245,"885 Drew Village Suite 757
Allenberg, AS 90752",Y,miles
440,Jennifer French,555-75-2089,"30111 Sherman Crossing Apt. 564
Lake Virginiafort, NE 05210",Y,miles
441,Danielle Davis,655-07-3413,"88059 Michael Walks
Alexandrahaven, WV 14937",N,hours
442,Marie Gregory,069-45-0736,"422 Edwin Crest Apt. 324
Natashaberg, VT 55251",N,miles
443,Megan Roberts,820-06-9414,"102 Baker Forges
Port Anita, MI 98300",Y,miles
444,Angela Weber,575-90-5805,"28250 Joshua Islands
Castroville, KY 78167",N,hours
445,Courtney Ray,850-98-2600,"222 Thomas Lights Suite 596
Robinsonton, GU 56220",Y,miles
446,Keith Perez,779-43-3759,"USS Abbott
FPO AA 75265",N,hours
447,Janice Smith,603-61-2865,"32728 Smith Lane Apt. 858
Brownfort, MO 42454",Y,miles
448,Mark Robinson DDS,191-37-1781,"Unit 0429 Box 4666
DPO AA 94609",Y,hours
449,John Shepherd MD,863-09-4378,"103 Tucker Ports Apt. 962
Lauratown, KY 44126",Y,miles
450,Michael Sherman,051-31-9849,"82425 Troy Underpass Suite 114
South Sandrachester, SD 18538",Y,miles
451,Mary Mccarthy,329-75-1796,"97827 Robert Vista
Evansberg, NJ 62966",N,miles
452,Christopher Williamson,017-20-8159,"053 Jimmy Lake
Lake Cynthia, DE 68285",Y,miles
453,Lisa Rivera,254-62-0118,"43559 Shirley Crossroad
Ericksonberg, WA 00655",N,miles
454,Gerald Hendrix,672-03-2555,"52047 Smith Overpass Suite 406
Williamsbury, MA 40401",N,hours
455,Sean Mitchell,121-04-7404,"046 Buck Passage
Port Michele, MH 97444",N,miles
456,Elizabeth Smith,049-96-3268,"02485 Jose Shore
Lake William, NM 39062",Y,miles
457,Darlene Diaz,768-07-2315,"6582 Debra Heights Apt. 681
Delgadoville, RI 55155",N,hours
458,Nicholas Sanchez,571-40-8552,"382 Derek Flats Suite 167
Martinezton, OR 93294",N,hours
459,Penny Hall,422-58-5414,"6012 Jessica Harbors
Lake Jesusburgh, PA 79448",Y,miles
460,Sabrina Curtis,624-22-4991,"00859 Cody Plaza Apt. 216
North Rickeyville, AL 55890",Y,hours
461,Ruben Flowers,318-59-3249,"29406 Phillips Court
Jeremyfurt, HI 99700",Y,miles
462,Jack Hansen,766-66-6460,"1100 Daniel River Apt. 963
South Brandi, VI 91864",N,hours
463,Francisco Miller,839-43-6825,"108 Ian Path
Kimtown, WA 75904",Y,miles
464,Betty Wagner,553-17-8886,"568 James Roads
Lake Joseph, UT 36760",N,miles
465,Justin Garcia,241-77-0580,"16564 Christina Rapids Suite 798
Lake William, NJ 75529",Y,miles
466,Christian Henry,120-28-4382,"006 Hughes Port Apt. 488
Kellychester, AL 37734",N,miles
467,Gary Pitts,068-04-2133,"Unit 6647 Box 3606
DPO AP 92040",Y,hours
468,Joyce Castillo,815-72-7052,"1616 Alexander Hollow
West David, KS 08846",N,hours
469,Peter Foster,671-62-5431,"946 Alex Knolls Apt. 281
Jamieland, AK 50696",N,hours
470,Cory Scott,651-82-9037,"79523 Cochran Corners Suite 622
Brownshire, NY 17041",Y,hours
471,Jason Barnes,874-25-5900,"6681 Ronald Neck Suite 631
North Spencermouth, ND 76227",Y,hours
472,Steven Lawson,578-58-1758,"9903 Chang Pass
Jerryland, VI 19717",Y,miles
473,Michael Bush,282-74-3367,"4757 Brian Villages
Markport, KS 47911",N,hours
474,Tyler Payne,714-22-0861,"577 Beth Ramp Apt. 656
New Jeffreystad, FL 77749",N,hours
475,Eric Tyler,141-21-6613,"50408 Carter Way Suite 776
Kathyfort, TX 48561",Y,hours
476,Roger Green,695-64-3196,"353 Tony Highway Apt. 843
South Edward, AK 29935",Y,miles
477,Kathryn Davis,213-99-3870,"679 House Fords
Evansborough, IA 95270",N,miles
478,Debra Johnson,713-74-1156,"78344 Joseph Keys
South Michaelburgh, HI 11992",N,hours
479,Patricia Johnson,014-71-3863,"2333 Scott Rapids Apt. 147
Brandonborough, MH 91747",N,miles
480,Xavier Hill,503-95-8077,"38137 Vaughn Ranch
Gonzalesburgh, MT 40451",Y,hours
481,Maria Bryant,029-08-0775,"0103 Morris Haven Suite 243
Cummingsmouth, DE 58190",Y,miles
482,Kristina Fox,105-77-6523,"4936 Thomas Spurs
East Marcus, VA 96789",N,hours
483,Paul Mccoy,104-29-0746,"84625 Bonilla Lakes Suite 212
West Edwardfort, WY 53367",Y,miles
484,Mark Burnett,146-16-7424,"43228 Joe Cape Suite 977
Stoneview, OK 55437",N,miles
485,Miranda Gross,821-46-9941,"7559 Caroline Islands Suite 147
South David, MO 81632",N,hours
486,Jeffery Larson,106-95-0473,"6542 Zavala Road
Scottchester, NE 75512",N,miles
487,Kayla Shaw,323-69-5927,"0657 Clark Cove
Derekside, MT 35150",Y,miles
488,Natalie Davenport,502-70-0457,"PSC 9261, Box 4315
APO AA 04920",Y,miles
489,Cole Walker,423-13-1932,"6988 Atkins Way Apt. 424
Caseyville, IA 67318",N,hours
490,Timothy Ellis,676-66-3586,"086 Carolyn Viaduct Suite 410
North Teresa, PW 71100",Y,miles
491,Terry Alvarado,513-98-8833,"5763 Lowe Forks Apt. 228
New Dianeberg, VA 03127",N,miles
492,Thomas Smith,789-32-2447,"63350 Patrick Village
Reynoldsview, MD 55050",Y,hours
493,Anthony Porter,854-76-6362,"5327 William Forest Apt. 599
Gaytown, IA 36549",Y,hours
494,Adam Lee,349-96-9118,"93293 Cody Squares Suite 260
Marshallland, KS 26568",N,miles
495,Lindsay Ayers,005-25-5696,"033 Waters Hollow
Jonesburgh, GU 09412",N,miles
496,Kristine Johnson,571-74-9699,"501 Diana Mount
Port Jonathanville, MD 86481",Y,miles
497,Cathy Meyer,068-65-6432,"7058 Rodgers Neck Apt. 439
Hudsonside, WA 50821",Y,hours
498,George Lee,642-59-9693,"3996 William Mountain Suite 643
Lake Amanda, NE 39458",Y,hours
499,Christopher Schwartz,006-07-9341,"5483 Stewart Lodge Suite 816
Levystad, PR 84367",N,hours
500,Joseph Adams,049-87-1477,"Unit 1699 Box 9851
DPO AE 04835",Y,hours
501,Jennifer Wilson,582-92-3859,"3552 Thomas Fort Apt. 869
Lake Megan, RI 83778",Y,miles
502,James Thomas,898-03-8216,"38858 Kelly Key
West Rogerchester, VA 64340",N,miles
503,Candace Scott,819-08-7591,"476 Paul Meadow
New Tiffanytown, MH 28934",Y,hours
504,Cory Alexander,860-33-5560,"702 Jessica Track
East Thomasburgh, MT 89186",Y,miles
505,Alison Wood,711-64-2300,"9806 Cross Prairie Suite 038
Thomaston, VI 92755",N,hours
506,Ronald Stone,022-10-8720,"515 Rachael Brooks
Teresahaven, WA 90528",Y,miles
507,Rachel Wolf,774-37-0986,"PSC 2877, Box 8048
APO AA 44924",Y,miles
508,Deborah Fleming,659-53-9486,"10505 Chavez Lights
Johnsonbury, OH 36202",Y,miles
509,Jeffrey Lewis,726-71-8556,"PSC 9911, Box 9937
APO AA 79621",Y,miles
510,Virginia Drake,192-58-4475,"876 Aaron Pines Apt. 329
Marshallfurt, ID 46433",Y,hours
511,Sarah Garcia,160-32-9092,"2406 Guzman Fords Suite 943
Melaniechester, IL 26080",N,miles
512,Natalie Roberts,808-23-4254,"39261 Johnson Village Suite 134
East Jeremy, DE 46016",N,hours
513,Leslie Day,700-59-7123,"308 Jessica Pass Suite 048
South Ann, DE 85417",N,hours
514,Alexander Little,388-89-6938,"8621 Robert Spurs Suite 293
East Tony, MO 26896",N,miles
515,Raymond Herrera,813-44-1507,"072 David Lane Suite 340
South Jason, SC 28866",N,miles
516,Taylor Medina,298-23-9939,"3247 Laura Throughway Apt. 586
Ashleyberg, MO 31344",N,hours
517,Sara Waller,194-23-8124,"410 Danielle Stream
East Shellyport, MI 95743",Y,hours
518,Scott Henderson,350-15-6417,"544 Tyler Fields
Lake Brandon, VI 70126",Y,hours
519,Veronica Curtis,114-82-8907,"907 Laura Vista Suite 945
Port Linda, WI 12741",N,miles
520,Jackie Lee,050-62-6866,"30085 Turner Mews
Parkstad, NJ 17626",Y,hours
521,Nicole Hicks,652-90-3193,"25917 Mccarthy Well
Lake Frederick, VA 53913",Y,hours
522,Joseph Tucker,753-63-3625,"85295 White Vista Apt. 741
Rachelbury, OK 62118",Y,hours
523,Jason Bishop,369-28-8351,"2284 Michael Streets
Dianefurt, LA 07243",Y,hours
524,Brian Morrison,742-77-8981,"69294 Patricia Squares
Jessestad, AL 92953",Y,hours
525,Nicholas Hernandez,634-50-4655,"8137 Catherine Brook
West Mary, CA 66940",N,hours
526,Austin Clark,392-20-9844,"34163 Flores Station
South Kellymouth, NY 21083",Y,miles
527,Joshua Osborne,452-57-8975,"PSC 4561, Box 4764
APO AP 65550",Y,hours
528,Tyler Johnson,625-43-9553,"057 Daniel Gateway Apt. 232
Wendyhaven, MD 82426",N,miles
529,Regina Marsh,559-43-8497,"1689 Shannon Camp
Johnsonhaven, NC 94950",Y,miles
530,Elizabeth Russell,604-93-8652,"84483 Ruben Plaza
Torresburgh, KS 82950",N,miles
531,Michelle Barron,728-53-5084,"26199 Jason Garden
New Phillip, AL 29388",N,hours
532,Edward Miller,608-19-0562,"72374 Tina Rapids Suite 116
Pughland, GU 28995",Y,hours
533,Michele Woods,052-77-1796,"3988 Perry Radial
Lopezchester, VI 64566",Y,hours
534,Jeffrey Jones,165-87-6547,"957 Bird Cape Suite 170
Duncanville, MA 40144",Y,hours
535,Matthew Davis,194-05-9270,"795 Kathryn Drives
Sharonville, GU 93395",Y,miles
536,Eric Bradshaw,070-73-7385,"67772 Bryan Port
Port Christopherview, IL 16406",N,hours
537,Christopher Travis,120-97-9768,"663 Lawrence Circle
Seanton, OR 40092",N,miles
538,Mr. Michael Williams,225-70-9995,"582 Teresa Pines
South Elizabethfurt, ME 85992",N,miles
539,Edward Gonzales,470-51-0569,"USNS Casey
FPO AE 43971",Y,hours
540,Juan Smith,514-34-2904,"02866 Padilla Ridge Suite 067
South Juan, VT 91329",N,hours
541,Mrs. Andrea Fischer,066-16-5100,"52193 Rebecca Vista
South Ericmouth, IL 61346",N,hours
542,Sylvia Burton,839-10-9309,"550 Jeffrey Park Suite 284
North Patrick, ND 54562",N,hours
543,Ryan Johnson,585-34-5983,"625 Shirley Tunnel Apt. 988
Garciafort, ND 71847",Y,hours
544,Tammy Pena,011-67-1407,"996 Gibson Orchard
Port Nicolefurt, MT 04505",N,hours
545,David Poole,474-29-3027,"42622 Andrew Brooks
East Alan, MI 95949",N,miles
546,Traci Lopez,341-26-8643,"369 Mata Circles
Lake Sarah, PA 13115",N,hours
547,Michael Gallagher,687-63-5858,"843 King Mountain Suite 996
South Bradley, TN 25704",Y,miles
548,Sara Brooks,332-98-1424,"6249 Bryant Ramp Suite 656
North Johnville, NE 66294",Y,hours
549,Paul Moran,694-85-9653,"96239 Perry Rest
South Jenniferfurt, DE 24150",Y,miles
550,Kyle Oconnor,580-05-4753,"5586 Johnson Pine Suite 837
West James, AK 04945",Y,hours
551,Robert Patterson,277-45-5905,"406 Morse Cape
Mackburgh, CT 21442",N,miles
552,Thomas Zimmerman,544-82-7647,"PSC 7086, Box 2629
APO AE 97163",N,hours
553,Jessica Morris,420-60-7062,"20306 Mitchell Roads
Arielberg, LA 16747",N,miles
554,Colton Moore,612-96-2016,"19400 Frazier Dale Apt. 910
Jamesland, KS 84089",Y,miles
555,Rebecca Delgado,300-31-0494,"4884 Jordan Key
North Paul, MT 84495",Y,hours
556,Richard Friedman,817-91-7932,"0179 Rogers Mountains
North Shannonberg, TN 41064",N,miles
557,Katelyn Harrington,627-77-2681,"736 James Shoals Suite 526
New Amanda, UT 30760",N,miles
558,Robert Weber,426-93-5053,"52142 Hall Plaza Suite 536
Katherinechester, ND 85940",N,hours
559,Heather Carrillo,829-51-0068,"377 Elizabeth Street Apt. 628
East Anthony, VA 26679",Y,miles
560,Jason Alexander,677-47-7855,"37339 Faulkner Stravenue
East Kevin, AK 17545",Y,miles
561,Michael Mora,590-74-5988,"95554 Henry Island Apt. 997
Barbaraview, MP 42276",Y,miles
562,Aimee Mullins,567-58-3132,"31918 Alan Corner
New Anthony, CT 48457",N,miles
563,Christopher Allen,033-25-3198,"9666 Zimmerman Springs
New Brittanyville, TN 63589",N,miles
564,David Carlson,706-64-7685,"234 Christopher Squares Suite 270
North Ianchester, MD 15900",N,miles
565,Lindsay Roberson,496-28-0208,"815 Dixon Mount
Lake Robert, IL 23584",N,hours
566,Nicholas Moses,171-65-0196,"899 Harris Mountains
North Laurenburgh, IL 94918",Y,hours
567,Jeffrey King,051-83-3475,"0479 Garcia Fields Apt. 583
Harrisberg, SD 62295",Y,hours
568,Paula Thomas,388-23-9875,"7427 Austin Common
South Annette, WA 35732",Y,hours
569,Brian Blanchard,080-40-8343,"22742 Taylor Spur Apt. 887
Lindastad, CO 01586",Y,miles
570,Robin Blevins,720-99-4165,"1199 Chelsea Parkways Suite 861
South Matthew, AK 30660",N,hours
571,Alicia Hall,040-04-0120,"887 Frederick Valleys Apt. 294
Watkinstown, SD 02899",Y,miles
572,Sandra Stewart,271-92-3847,"227 Angela Drive Apt. 320
Porterside, MH 50866",Y,hours
573,Carrie Wilson,250-01-1333,"16299 Joseph Place Suite 943
Shawnchester, DC 45277",Y,miles
574,David Kelly,120-36-2046,"265 Williams Camp Apt. 257
Johnview, TN 01915",N,miles
575,Frank Jennings,345-85-8579,"6617 Salas Stream
West Richardside, OR 09823",Y,miles
576,Carl Carney,840-08-7497,"30213 Hill Lake
West Davidmouth, AR 86395",Y,hours
577,Francisco Parks,177-01-5375,"008 Angela Flat Apt. 459
Port Marissachester, NM 83501",N,miles
578,Jeffrey Garcia,159-48-1372,"90305 Pruitt Road
Williamsfurt, OH 40208",N,hours
579,Harry Gomez,664-28-6356,"05445 Daniel Plain Suite 388
Robertshaven, WV 39373",Y,hours
580,Cesar Cox,194-35-3989,"1559 Nelson Mill Apt. 358
Port Ryanton, DE 41803",Y,hours
581,Adam Hayes,624-92-5039,"36048 Randall Pass
New Jeffrey, ID 92139",N,miles
582,Hannah Matthews,098-63-9655,"060 James Shoal
West Keith, MA 01089",Y,miles
583,Taylor Mendez,198-65-5250,"37103 Tracy Village
North Rachelchester, WI 07520",Y,hours
584,Danielle Medina,339-52-1993,"6720 Smith Points
New Kristen, GA 18822",Y,miles
585,John Brown,082-18-9929,"20029 Andrew Points Suite 118
Camachobury, RI 02944",Y,miles
586,Ronnie Santos,265-62-2637,"28733 Christine Bridge Apt. 140
East Eric, CO 57385",N,hours
587,Annette Dennis,026-50-4320,"879 Ashley Court
Anthonytown, ND 13855",Y,miles
588,Erica Brown,188-70-9391,"9752 Brown Street
North Kayleeside, OK 07640",N,miles
589,Brenda Boyd,731-09-9170,"3970 Chavez Gateway
North Heidi, TX 76305",Y,hours
590,Stephanie Jimenez,204-51-7006,"07099 Charles Summit
Adamsland, ME 83005",Y,miles
591,Sally Singh,706-95-9755,"PSC 5658, Box 1957
APO AE 41636",Y,hours
592,Dawn Sosa,340-66-6777,"9692 John Village
Beverlyberg, NJ 03870",Y,hours
593,John Hicks,269-40-9781,"17048 Brown View
Chaneytown, WA 46728",Y,miles
594,Alyssa Anderson,710-98-3256,"86706 Jones Lake
North Heatherfurt, MD 27181",Y,miles
595,Robert Schmidt,206-44-4726,"71032 Victor Bypass
Courtneyberg, DE 59379",N,miles
596,Michael Lowe,241-02-1903,"165 Sharon Ford Apt. 680
Johnsonville, MT 03155",Y,hours
597,Chad Finley,861-95-0993,"9925 Lori Rapids Suite 823
Lake Nicole, AR 32252",N,miles
598,Rebekah Levy,221-41-1026,"16054 Fowler Canyon Apt. 631
West Tonyaport, CO 13054",N,hours
599,Hannah Mitchell,002-02-0425,"912 Matthew Harbors Suite 638
Matthewshire, IA 83546",Y,hours
600,Elizabeth Wallace,641-88-6140,"7902 Palmer Brook
Lake Madisonland, IA 78835",Y,miles
601,Jerry White,472-51-6319,"85647 Harris Causeway Suite 304
Kristinabury, WY 29397",N,miles
602,William Walker,554-88-5634,"01014 William Ports Suite 330
Lake Gabriel, KY 85922",N,miles
603,Mr. Ethan Morris DDS,797-34-2181,"0963 Stevens Islands Apt. 581
New Brianaview, UT 86431",N,hours
604,Terry Briggs,234-55-3992,"362 Rios Plains Apt. 134
Michaelbury, RI 76266",Y,hours
605,Michael Ramirez,424-48-2235,"5582 Choi Landing
Piercetown, OK 72635",Y,miles
606,Jennifer Gonzalez,053-68-0576,"806 Mary Inlet
Greenmouth, VI 71775",Y,hours
607,David Gentry,154-68-4036,"4814 Weber Path Suite 540
Timothyburgh, VI 56892",Y,hours
608,Jose Bailey,661-06-9745,"Unit 6611 Box 7239
DPO AE 18343",N,hours
609,Michael Jones,851-61-4012,"22131 David Meadow
Port Scott, MS 93154",N,hours
610,Miss Tamara Smith,007-75-2309,"869 Frances Shore Suite 213
West Crystalton, OR 00789",N,miles
611,Zachary Long,014-08-4624,"0989 Butler Viaduct Suite 804
Wilkinsonhaven, GU 04024",Y,hours
612,Jamie Ball,255-92-5575,"524 Turner Track Apt. 741
West John, NH 70158",Y,hours
613,James Hayes,400-16-5720,"1018 Wong Garden
Kevinberg, FM 86626",Y,miles
614,Stephanie Douglas,818-26-6300,"45388 Jennifer Prairie
Loweview, NE 54978",Y,hours
615,Thomas Taylor,736-38-2278,"76857 Joseph Hill Suite 658
Brennanmouth, CO 32322",N,hours
616,Nicole Sims,157-48-5618,"6015 Rachel Tunnel Apt. 650
Hollyside, NH 17752",N,hours
617,Sean Daniel,179-90-9202,"383 Johnson Rapids
West Thomas, GU 89470",Y,miles
618,Jessica Jones,217-33-1134,"23724 Joy Mountains
Clarkborough, WA 49625",Y,hours
619,Donna Castro,830-52-5317,"609 Rivera Roads Suite 817
Josehaven, GU 93964",N,miles
620,Christopher Chandler,870-08-0124,"Unit 3928 Box 8997
DPO AA 92158",Y,miles
621,Rebecca Rodriguez,482-40-6585,"709 Mary Island
Brookeville, PW 31654",N,hours
622,John Newman,682-34-8609,"USNS Wood
FPO AA 87800",Y,hours
623,Sarah Barber,766-68-7618,"6625 Holmes Lane Suite 067
Elizabethshire, ME 10254",Y,miles
624,Brittany Nguyen,532-66-7185,"7228 Marshall Springs
North Julianbury, ME 69921",N,hours
625,Carolyn Costa,222-02-7220,"6184 Jones Route
West Jamie, ID 40161",N,miles
626,Melissa Boyd,624-83-7404,"PSC 1863, Box 3620
APO AA 21472",N,hours
627,Victoria Roberts,581-46-1659,"575 John Mission
East Elizabethstad, NH 98652",Y,hours
628,Michael Jackson,168-84-8449,"48182 Adams Mountain
East Rickystad, NV 10085",Y,hours
629,Timothy Torres,335-86-1125,"45865 Carlson Summit
New Briannaville, PW 30512",Y,miles
630,Regina Bailey,390-09-4184,"1926 Lisa Inlet Suite 197
Nelsonfurt, KS 41930",Y,hours
631,Stephen Burns,134-96-1189,"113 Vanessa Stream
West Danaburgh, DE 65203",N,miles
632,Kendra Warren,480-77-3150,"975 Green Burg
South Denisefort, FM 33027",Y,miles
633,Kimberly Shelton,279-70-5724,"276 Erin Trail
North Danielburgh, IL 08086",N,miles
634,Donald Kidd,131-01-6197,"02922 Moore Bridge Suite 377
Lake Brendaside, DE 76009",N,miles
635,Jaime Johnson,793-76-1485,"98844 Peterson Coves
New Janice, PA 13120",N,miles
636,Tammy Young,397-50-7179,"PSC 0992, Box 4731
APO AA 31621",N,hours
637,Judy Roberts PhD,310-29-0570,"1161 Davis Canyon Apt. 122
Ramirezmouth, LA 97848",N,hours
638,Gina Johnston,684-19-1462,"554 Steven Falls
West Monicamouth, NC 66509",N,miles
639,John Perez,682-46-3809,"311 Randall Point
Fischerview, KY 42217",N,hours
640,Christine Lee,133-09-3687,"Unit 4575 Box 4377
DPO AA 76372",N,miles
641,Nicholas Moore,463-05-8384,"464 Charles Light Apt. 343
Kimberlyburgh, VT 76952",Y,hours
642,Tracey Fields,157-60-8427,"79512 Sheila Plain
North Shannon, MS 16351",N,hours
643,Riley Mcmahon,126-11-4516,"73432 Williams Dam Apt. 322
Port Juliemouth, VA 63651",N,hours
644,Steven Simmons,645-06-8170,"6675 Gonzalez Via Suite 585
Port Kirk, NY 33187",N,miles
645,Dr. Trevor Hernandez DVM,226-01-9785,"7577 Gilbert Streets Apt. 957
Lake Deannamouth, AK 51509",N,miles
646,Beth Shaw,852-53-6541,"03372 Wright Extensions
Simpsonburgh, IN 07238",N,hours
647,Frank Adams,796-03-9213,"86006 Joann Summit Apt. 772
West Shannon, MH 31807",N,miles
648,Linda Hughes,299-66-4306,"9702 Justin Plains Apt. 125
Port Stanley, TN 26415",N,hours
649,Katherine Powell,722-08-9890,"8679 Albert Radial Apt. 824
Veronicamouth, MD 50569",N,hours
650,Matthew Johnson,675-41-5696,"518 Clark Fort
Lake Andrea, MI 72815",N,miles
651,Whitney Wood,895-06-2669,"049 Paul Point
East Brianbury, WV 25242",N,hours
652,Johnathan Smith,488-06-9282,"897 Watson Brook Suite 498
South Timothyberg, PR 68842",Y,hours
653,Alan Castro,526-25-9808,"1424 Knight Brooks
Anthonyfort, IL 30580",Y,miles
654,Christine Collins,866-06-3233,"508 Nicholas Trafficway Suite 455
Port Ariel, OK 75485",N,hours
655,Erica Green,138-22-7141,"2827 Todd Mall Suite 156
West Gary, GA 09522",N,miles
656,Brittany Snyder,065-73-4414,"884 James Row
North Richard, KY 38621",Y,hours
657,Peter Morrison,087-78-6555,"16618 Christy Light
West Dianestad, CA 62140",Y,miles
658,Holly Reyes,010-32-2335,"2707 John Tunnel
West Robert, HI 55213",N,hours
659,Brian Ross,575-66-2128,"32758 Michael Summit
Onealton, NM 38553",N,miles
660,Brian Jones,566-72-8242,"437 Baldwin Villages Apt. 469
Smithside, NM 46204",N,hours
661,Ashley Lane,571-48-0323,"4533 Ronnie Union Suite 014
Sandraport, NY 27661",N,hours
662,Katherine Howell,424-92-5406,"67564 Allison Islands Suite 051
New Cynthiafurt, GA 17129",Y,hours
663,John Barrera,501-46-3470,"31489 George Stravenue
Scottmouth, ND 30795",N,hours
664,Julia Shaw,028-21-3391,"2387 Monroe Isle Suite 215
East Ray, AZ 36652",N,hours
665,Rebecca Snyder,089-18-9103,"6659 William Keys Suite 904
New Jenniferton, MD 80605",Y,miles
666,Mr. Jesse Owen,314-80-2046,"541 Gonzalez Club
Hendricksside, CO 91363",N,hours
667,Mark Pacheco,380-30-0075,"6366 Stacy Wells
South Darin, HI 00945",Y,hours
668,Lauren Martinez,007-24-3487,"267 Barry Islands Suite 175
Yvonnebury, NC 49644",N,miles
669,William Green,121-17-2406,"29598 Gonzalez Keys Apt. 624
West Calebtown, OH 51116",N,miles
670,Juan Nguyen,337-24-5110,"499 Johnson Throughway Suite 043
West Kim, SC 55103",N,miles
671,Kim Anderson,270-89-9427,"79920 Dennis Brooks
Jenniferchester, CA 58138",Y,miles
672,Andrew Foster,202-17-1288,"31569 King Neck Suite 974
New Patriciaburgh, VT 78641",N,hours
673,Tammy Gonzalez,104-32-7999,"604 Thomas Street
Cookview, PA 19072",N,hours
674,Alisha Stokes,417-42-1409,"0348 Massey Manor Suite 813
Griffinstad, PA 02662",Y,hours
675,Regina Perez,126-05-0468,"92213 Carey Parks
Christopherborough, LA 24809",Y,hours
676,Thomas Henry,804-12-1347,"7849 Leah Tunnel Suite 288
Obrienfort, AK 21127",N,miles
677,Jennifer Alexander,194-38-9445,"6550 Lindsey Underpass Apt. 946
Port Danielle, WA 99632",Y,miles
678,Laura Bautista,277-56-8436,"61123 Villarreal Mill Suite 835
West Carolynmouth, NE 23196",Y,miles
679,Marcus Valencia MD,661-17-3147,"351 Angel Tunnel Suite 235
Port Kenneth, WI 10824",Y,hours
680,James Fitzpatrick DDS,673-46-0343,"900 Randolph Walks Suite 006
Lake Danielfort, PR 26481",Y,hours
681,Alan Perez,544-09-9889,"9736 Robinson Street
Port Tara, AZ 40391",N,hours
682,Erik Foster,564-03-7870,"2759 Katherine Park
Lake Robert, MD 83526",N,miles
683,Destiny Jenkins,897-60-5838,"380 Mitchell Estate
Lake Jeffhaven, IL 62496",Y,hours
684,Kevin Morris,583-62-1005,"USCGC Barnes
FPO AA 99401",N,miles
685,Patricia Jackson,114-99-2635,"0420 Yvonne Points Suite 020
South Yvonne, MD 38658",N,hours
686,Scott Smith,610-49-5809,"408 Brenda Port
Donaldstad, CO 10388",Y,miles
687,Jared Ryan,333-94-2057,"617 Weaver Mountains
Haroldhaven, AZ 07769",N,miles
688,Jenny Mcdonald,116-34-1137,"2614 Glover Passage Suite 847
Washingtonland, MA 99641",Y,hours
689,Joshua Little,060-43-8667,"519 Anthony Terrace
North Jenniferhaven, MA 53620",Y,hours
690,Jill Miles,306-85-3859,"771 Hardy Plaza
Kristinaburgh, ID 80368",Y,hours
691,Patricia Wang,156-71-5397,"56736 Bonnie Cape Suite 802
Lake Geraldton, WV 73795",Y,hours
692,Sabrina Dorsey,725-22-1385,"USNS Zuniga
FPO AA 63906",Y,hours
693,Joshua Bradshaw,638-17-9063,"5477 Jackson Road
Port Monicafurt, MN 54558",Y,miles
694,David Harris,550-34-3676,"7896 Martinez Courts
New Crystal, KS 85963",N,miles
695,Casey Luna,478-63-8295,"727 Teresa Terrace Suite 329
Lake Christopherhaven, NV 60162",Y,miles
696,Blake Thompson,759-88-8865,"870 Smith Creek Apt. 122
Edwardsstad, AL 74818",Y,hours
697,Nicholas Patterson,262-51-1253,"49674 Ryan Neck
West Anthony, GA 46757",N,miles
698,Lawrence Johns,809-34-1059,"USNS Davidson
FPO AA 11339",Y,miles
699,Jamie Brown,722-31-2363,"138 Mary Extensions
Lake Stacyville, GU 92402",N,hours
700,Kristen Anderson,005-86-9105,"2797 Jessica Manor
West Danielmouth, RI 01632",N,hours
701,Sara Young,235-07-5771,"85325 Carlos Circles Suite 818
Erinstad, PA 37262",N,miles
702,Ronald Cole,776-22-8229,"PSC 1501, Box 9224
APO AE 05494",Y,hours
703,Molly Myers,116-49-0664,"14180 Martin Isle
Meadowsstad, ND 50582",N,hours
704,Kim Sanchez MD,026-02-3179,"99085 Coleman Club
Elizabethmouth, ME 11940",Y,miles
705,Melissa Moody,164-69-2219,"033 Owen Ways
Berrychester, MP 42515",N,miles
706,Megan Martinez,408-38-5609,"7323 Hall Plains Apt. 072
East Elizabeth, MD 09126",N,miles
707,Erin Flynn,213-90-7348,"668 Jacqueline Alley Suite 916
North Ashleyshire, FL 89391",N,miles
708,Jeffrey Lewis,793-67-0189,"USS Sullivan
FPO AA 35689",N,hours
709,Ashley Copeland,043-33-5203,"9913 Maurice Islands
Port Jonathan, WV 27555",N,miles
710,Karen Adams,742-37-4733,"Unit 6737 Box 5987
DPO AE 73084",Y,miles
711,Heather Thompson,770-17-0534,"12384 Brett Throughway
Powerstown, MA 20598",N,miles
712,Eric Navarro,523-32-9657,"686 Wilson Mission Suite 915
Port Manuel, DE 25481",Y,hours
713,Douglas Walton,892-42-2929,"49854 Mark Ridges Suite 987
East Laura, PW 94471",Y,hours
714,Juan Jackson,070-35-9719,"93258 Steele Track
Bonnieborough, GU 74805",N,hours
715,Tyler Hart,281-83-4725,"74560 Mueller Crossing
Oscarberg, DE 35787",N,hours
716,Paul Walker,004-11-1704,"820 Miller Flat Suite 534
South Megan, NJ 10598",Y,hours
717,Marissa Diaz,835-94-8224,"USCGC Wiley
FPO AA 77044",N,miles
718,Daniel Burke,044-20-8205,"424 Lam Trail
East Amandamouth, CA 73268",Y,hours
719,Dana Benson,154-30-7159,"Unit 6104 Box 1610
DPO AE 96000",Y,hours
720,Jennifer Myers,052-05-0865,"434 Russell Trail
Andersonport, MN 52865",N,hours
721,Brittany Smith,487-72-5282,"9275 Arthur Club
Timothystad, CO 77422",Y,miles
722,Jaime Johnson,700-62-8544,"465 Peters Gardens Suite 518
East Kimberly, ID 24100",Y,hours
723,Thomas Keller,132-93-7692,"PSC 7713, Box 0064
APO AP 05702",N,hours
724,Joseph Phillips,778-07-6261,"1271 Edwards Vista
Patelmouth, NJ 27172",N,miles
725,Adam Stevenson,369-15-9223,"5301 Jackson Landing
West Karl, PA 28665",N,miles
726,Lee Medina,411-62-9970,"970 Kimberly Plain
East Steven, TX 83320",Y,miles
727,Tracy Hall,750-37-1607,"84783 Gray Junctions
Thompsonhaven, PA 59738",Y,hours
728,Joanna Cruz,688-75-1070,"16518 Laura Field
North Ashley, HI 33286",N,miles
729,Reginald Jenkins,820-51-4104,"735 Donna Fork Apt. 935
Morrisland, MO 57468",N,hours
730,Scott Johnson,190-14-4743,"39095 Roberto Extensions
East Michelle, OH 80497",Y,miles
731,Douglas Castillo,763-54-8244,"85061 Barron Cove Suite 300
Joycemouth, NC 86820",N,miles
732,Jordan Jordan,741-50-5991,"068 Hunt Throughway
Williamfort, MS 06635",Y,hours
733,Denise Black,142-79-3640,"07319 Lauren Cove
Barbarastad, MT 07367",Y,hours
734,Gabriella Baird,379-84-3948,"141 Latoya Mission
New Mark, DE 39256",N,hours
735,Sharon Rosales,125-60-5017,"26369 Parker Grove Suite 663
Onealfurt, IN 02201",N,miles
736,Shawn Brown,372-63-0899,"752 Lucas Causeway Apt. 586
North Jessicaton, HI 26734",Y,miles
737,Adam Moon,797-50-9119,"53226 Kristen Throughway
Courtneyland, MA 22577",Y,miles
738,Deborah George,042-93-0908,"16708 David Square Apt. 902
Charlesfurt, MT 04996",Y,hours
739,Christopher Steele,445-71-6633,"60124 Pearson Trail Apt. 341
Rossbury, AZ 38418",Y,miles
740,Joshua Dixon,257-28-8300,"8010 Colon Skyway Apt. 374
Wigginshaven, TN 40534",N,hours
741,Jessica Santana,726-86-9923,"6441 Keith Freeway Apt. 275
Madisonberg, GA 65443",N,miles
742,Sarah Lewis,788-02-2468,"58866 Elizabeth Orchard Apt. 745
Moraport, MD 41813",Y,hours
743,Janet Webb,552-51-8377,"USCGC Jenkins
FPO AE 70756",Y,miles
744,Christopher Thornton,869-35-9060,"43299 Johnson Islands Suite 520
Emilyshire, KS 32741",Y,hours
745,Nathan Frederick,122-43-3180,"USCGC Holmes
FPO AP 36621",N,miles
746,Brenda Smith,460-98-9127,"8266 Mcclain Plaza
East Chloe, NH 95145",Y,miles
747,Eric Barnett,610-61-5917,"USS Miller
FPO AA 97606",Y,miles
748,Pamela Munoz,641-01-7469,"3732 Miller Streets Apt. 938
Port Haydenton, MP 33215",N,miles
749,Michael Baker,298-64-6365,"7890 Sandra Road Suite 609
East Sarahside, MN 10560",N,miles
750,Troy Brewer,210-23-4996,"407 Jackson Bypass
Port Cynthia, OH 93744",Y,miles
751,Edward Harris,102-57-9894,"7561 Mayo Mill
Cherryberg, CT 72311",N,hours
752,Thomas Austin,885-61-9886,"907 Christine Harbor Suite 177
Lake Melissabury, PW 22419",Y,miles
753,Ernest Johnson,453-27-2902,"6545 Amanda Station Suite 008
Port Heather, NY 74343",Y,miles
754,Tyler Fisher,535-07-9689,"Unit 3351 Box 4153
DPO AA 36245",N,miles
755,Linda Morales,401-80-8323,"34415 Li Villages
Robinland, NV 72975",Y,hours
756,Michael Martinez,616-85-3001,"0774 Felicia Alley Suite 130
Shannonbury, WA 52357",Y,miles
757,Todd Rodriguez,199-55-0551,"0896 Zachary Fork Suite 765
West Greggport, IA 49641",Y,hours
758,April Carter,263-69-2743,"1505 Jones Ferry
Grahamville, SD 60174",Y,hours
759,Madeline Cook,820-91-2011,"26165 Brett Glen Apt. 470
West Thomashaven, RI 05785",N,hours
760,Sandra Carlson,062-18-5178,"7187 Dana Loop Apt. 259
Leahview, AZ 58500",Y,hours
761,Mark Adams,849-61-6129,"68670 Hanson Knolls Suite 364
South Calvin, NE 40017",Y,hours
762,Derek Rojas,499-45-4099,"30853 Ann Branch
South Lisa, TX 53455",Y,hours
763,Mark Simpson,448-63-3867,"5472 Benton Spurs Suite 004
Katelynchester, MP 13064",Y,miles
764,Jeffrey Thomas,383-97-5763,"PSC 6125, Box 8554
APO AA 81702",N,hours
765,Jessica Bridges,882-64-3912,"762 Johnson Park
Davidburgh, WI 12537",N,miles
766,Sean Rios,279-50-4503,"9650 Shepherd Freeway
South Dianaborough, MS 51545",N,hours
767,Jerry Brown,184-05-4012,"9026 Whitney Parkway
East Davidburgh, HI 01964",Y,miles
768,Evan Gordon,502-71-4865,"6626 Carney Springs Suite 810
Pierceport, TN 90962",N,miles
769,Cody Brooks,218-76-0955,"455 Lynn River Suite 518
Zacharyburgh, WI 19173",N,hours
770,Jeffrey Meyer,377-92-6711,"3589 Michelle Cove
West Deborahfort, SC 85701",Y,miles
771,Christina Dyer,049-03-1402,"51117 Robert View Suite 374
North Lauraberg, CA 01421",Y,hours
772,David Perry,253-46-2876,"54987 Perez Fields Apt. 240
Ericksonmouth, IA 08274",N,miles
773,Bridget Reilly,087-26-1781,"30075 Cortez Hill
North Ashley, GU 14943",N,hours
774,Patrick Rogers,411-24-8963,"04560 Reed Unions Suite 734
Tylerside, VT 03848",N,miles
775,Sara Nguyen,824-99-0445,"8097 April Lock
North Jasonton, AL 65036",N,hours
776,Albert Potter,739-86-3582,"225 Amy Hill Suite 751
Mossburgh, CA 63794",N,hours
777,Jason Davis,392-96-0585,"6909 Michael Throughway Suite 086
East Mark, OK 05609",N,miles
778,Christopher Baker,600-72-4511,"83067 Michael Ways Apt. 323
New Alexandra, KS 22018",N,hours
779,Stephen Robinson,577-45-8789,"39178 Robinson Garden
Lake James, FM 26528",Y,miles
780,Terri Kaufman,731-12-4851,"2348 Jeremiah Station Apt. 568
Marktown, WY 23872",N,hours
781,Rebecca Lyons,248-28-8386,"18421 Flores Point
Thompsonton, NV 01896",Y,hours
782,Crystal Grant,632-68-8674,"23521 Allen Forge Suite 142
Tranton, SD 87349",Y,miles
783,Christopher Mcclain Jr.,737-08-6322,"614 James Meadows Suite 231
New Aaronburgh, IA 22056",N,hours
784,Adam Lee,314-18-5468,"USS Vaughn
FPO AP 03513",Y,miles
785,Jason Brown,068-17-8073,"724 John Brooks Apt. 804
Johnsonstad, AS 24080",N,hours
786,Kimberly Thompson,256-25-3928,"069 Johnson River Suite 602
Jamesborough, AS 32808",Y,miles
787,Laura Roberts,822-50-6427,"1587 Regina Centers Suite 375
Susanside, NV 49741",Y,hours
788,Sarah Graham,097-27-1433,"271 Angela Center Suite 011
Marychester, OH 53194",N,miles
789,David Finley,241-15-8128,"3262 Thompson Port Apt. 042
Kylehaven, IA 29980",N,hours
790,Katherine Smith,824-56-1857,"4916 Dunlap Square
Garyport, GU 37472",Y,hours
791,Todd Tran,035-66-4992,"850 Scott Mission
Alvareztown, IA 45098",Y,miles
792,Deanna Townsend,622-28-7947,"32051 Barker Throughway
South Kelly, SD 38156",Y,miles
793,Rebecca Stevens,498-94-6819,"841 Edward Falls Suite 152
East Margaret, AR 86424",Y,miles
794,Jon Trujillo,801-59-2543,"8326 Lorraine Green
West Melissafurt, CO 40664",Y,hours
795,Angela Williams,370-15-3558,"202 Brian Green Apt. 755
East Alexander, AS 51159",N,miles
796,Francisco Smith,704-22-0823,"90777 Stone Coves
North Ashleyville, VT 51730",Y,hours
797,Heidi Smith,763-33-5629,"0444 Daniel Skyway
Port Antonio, AL 93213",N,hours
798,Jack Barnett,349-26-6995,"5496 Page Isle
Tylerton, OK 25783",Y,miles
799,Julian Martinez,536-31-4474,"0231 Jennifer Centers
Lindseystad, NH 14300",Y,hours
800,Susan Walters,740-25-8315,"09130 Antonio Cliffs
North Corey, PA 87065",Y,miles
801,Pamela Davidson,014-55-1973,"98961 Eric Plaza
East Monicachester, WI 30453",Y,hours
802,Dr. Paige Dawson,118-66-2613,"1519 Tim Street Suite 933
Lake Angela, NE 09702",Y,miles
803,Ashley Andrews,211-20-0997,"4151 Cohen Fall
Gregoryport, CA 67370",Y,miles
804,Kelly Soto,176-98-7895,"611 Patrick Ridge Suite 878
Carterburgh, NM 27780",Y,hours
805,Samantha Reilly,038-96-9863,"541 Smith Views Apt. 596
North Carolynmouth, ID 26842",N,hours
806,Adam Martin,400-08-1617,"441 Nancy Alley Apt. 523
North Christinashire, NE 80029",N,miles
807,Allison Rodriguez,066-16-2019,"USCGC Morgan
FPO AP 66413",N,hours
808,Andrew Oneill,866-15-5260,"953 Barker Terrace
North Jonborough, KY 25604",N,miles
809,Monica Owens,508-60-3313,"22460 Alexis Ridges Suite 097
East Nancy, KY 52937",N,hours
810,David Krueger,180-23-7666,"91185 Fischer Centers
South Heidiland, NE 59347",Y,miles
811,Patrick Salazar,509-83-0517,"81590 Karen Trail Suite 678
Lake Williamborough, MA 44124",Y,hours
812,Jessica Brooks,571-80-5640,"4767 Ellis Inlet Apt. 238
North Robertburgh, RI 45086",Y,hours
813,Dean Roberts,736-87-0395,"0792 Jamie Lock
East Joseshire, MO 73161",Y,miles
814,Breanna Johnson,290-62-9595,"264 Caldwell Bypass
Terriport, IN 14307",Y,miles
815,Mr. Gregory Harris,863-14-1956,"420 Ashley Highway Suite 858
Lake Madison, MN 07170",N,miles
816,Patrick Stevenson,358-01-7414,"64642 Lewis Trail
North Laura, TX 87471",Y,hours
817,Michael Young,088-35-4912,"12678 Amy Station Suite 373
North Dustinshire, IA 01687",N,miles
818,Kristina Williams,657-64-2743,"Unit 8265 Box 1444
DPO AP 60806",Y,miles
819,Matthew Villarreal,838-70-2480,"88943 Williams Union Apt. 335
Bobbychester, CO 74724",N,miles
820,Aaron Hall,106-17-5072,"USCGC Peterson
FPO AP 65447",N,hours
821,Jonathan Martin,314-71-6485,"07033 Johnson Point Apt. 243
Dudleyhaven, CA 88422",N,miles
822,Eric Thompson DDS,234-13-8570,"53112 Christopher Springs Suite 744
Lake Paul, AR 46049",N,miles
823,Andrea Miller,767-68-1745,"62916 Nicole Bypass
Yorkbury, AS 99121",N,miles
824,Phillip Garcia DDS,418-42-5833,"1711 Sandra Oval Suite 333
North Roytown, IN 33861",N,hours
825,Colin Wood,290-43-7663,"Unit 6458 Box 5258
DPO AP 55306",N,hours
826,Juan Zamora,545-64-7589,"808 Carla Circle Apt. 393
Gregoryborough, MA 75395",Y,miles
827,Alexander Alvarado,361-05-0530,"2878 Vanessa Gardens
Scottborough, VA 07381",N,miles
828,Stephanie Holland,535-06-1784,"746 Black Roads
Port Lanceside, TN 42203",Y,hours
829,Shawn Farley,737-73-4901,"178 Todd Locks Suite 949
Kaitlinborough, ME 07496",Y,hours
830,Jesse Thomas,053-87-1169,"55223 Ricardo Mountain
Ericaburgh, GA 03358",Y,hours
831,Linda Cooke,297-59-1746,"62002 Misty Mountain Suite 072
East Sean, NH 88137",Y,miles
832,Brandon Randall,446-01-9708,"768 Samuel Springs
Michealberg, DC 09974",Y,hours
833,Arthur Beck,129-76-9506,"438 Brown Greens
Lake Jasonmouth, PW 98046",Y,hours
834,John Valentine,385-60-4230,"8010 Samuel Isle
Markside, VT 36492",Y,hours
835,Michael Strickland,477-70-9140,"461 Miguel Groves Apt. 475
New Brian, ID 08914",Y,hours
836,Noah Hawkins,387-19-3592,"0510 Walsh Viaduct Apt. 619
Stephenfurt, NM 35414",N,miles
837,Joseph Hall,500-25-6598,"77650 Harding Mission Apt. 750
South Kristinport, MI 50272",Y,miles
838,Juan Patterson,153-05-5617,"1984 Mejia Fields Apt. 784
Jamesmouth, PW 38157",N,hours
839,Christina Garza,676-84-0709,"2366 Jeffery Shoals Suite 848
Parkerfurt, MH 39608",N,miles
840,James Norman,013-85-5897,"USNV Stone
FPO AA 00611",N,miles
841,Aaron Cook,048-37-4602,"017 Jeffrey Springs
East Sara, TX 65648",N,hours
842,Anthony Maxwell,727-74-5810,"077 Michael Estates
East Richard, MT 49105",N,miles
843,Kelly Hoffman,776-74-9525,"112 Robbins Locks Suite 547
Thomasberg, MI 56441",Y,miles
844,Sandra Johnston,060-87-2577,"6720 Brown Turnpike
Sanderston, ND 95446",Y,miles
845,Sandra Johnson,839-90-1086,"3272 Johnson Isle Apt. 738
Lake Paigeberg, MH 46931",Y,miles
846,John Bishop,279-73-0693,"642 Trevor Branch
West Bruceview, WV 48134",Y,miles
847,Sarah Ortega,509-88-0436,"766 Nina Prairie Apt. 956
West Kristopher, AR 94973",N,hours
848,Tiffany Crawford DDS,192-39-9369,"5294 Hart Burgs Apt. 835
New Tiffany, NJ 97745",Y,hours
849,Patricia Green,182-55-3040,"854 Paul Summit Suite 628
Lake Jennyport, RI 69668",N,hours
850,Michelle Williams,042-16-2884,"340 Sandy Mission
Port Amandaside, IL 71511",N,hours
851,Miss Connie Sanchez,066-99-9684,"99100 Meagan Pines Suite 582
Gordonbury, MP 73872",N,miles
852,Heather Douglas,425-88-0678,"7444 Joshua Unions Suite 830
North Carlville, AK 61228",Y,miles
853,Kristina Bell,160-03-6267,"782 Tracy Gateway
Port Crystal, FM 21550",Y,miles
854,Nathan Vasquez,431-29-8418,"35352 Katie Corner Suite 046
West Nicholas, IL 88653",Y,hours
855,Brooke Brown,766-12-1271,"991 Steven Course Suite 272
Port Tara, WY 05141",Y,hours
856,Amy Lindsey,784-75-6884,"PSC 6019, Box 2747
APO AP 76848",N,miles
857,Nathaniel Graham,466-29-5520,"261 Davis Parks
Port Anthonyport, AR 97230",Y,miles
858,Wanda Hall,452-36-9876,"16408 Carroll Well Suite 566
Port Darrell, NC 59699",Y,miles
859,Deanna Walker,061-57-3359,"USS Bass
FPO AP 06313",Y,miles
860,Donna Garcia,190-07-9118,"09095 Sharp Light Suite 766
Lake Stephanie, WY 65848",N,hours
861,Charles Howell,408-58-0156,"5161 Mcpherson Cliffs Suite 845
Port David, NY 64343",N,hours
862,Brittany Johnson,087-06-7337,"9991 Caitlin Bypass Apt. 327
Saraland, MN 34990",N,miles
863,Philip Tucker,701-82-0880,"367 Roberts Locks Suite 214
Bethborough, SC 83773",Y,miles
864,Alyssa Barrett,164-55-6618,"28345 Jones Gateway
North Annatown, PA 33696",Y,miles
865,Jennifer Jackson,857-10-1773,"006 Bryan Point
West Joe, AZ 51880",Y,hours
866,Rebecca Williams,166-46-2681,"2642 Adam Plaza
Aaronfurt, FL 89521",Y,hours
867,Jacqueline Williams,032-84-2375,"65420 Barrett Mission Apt. 284
Howardtown, NY 02943",Y,hours
868,Michael Crosby,027-39-6433,"4875 Christopher Ford
Wrightchester, CO 79896",Y,miles
869,Darrell Flores,136-59-8900,"808 Kim Parks
Port Lori, OH 56250",N,miles
870,Patricia Huang,103-45-7541,"269 Hart Ridge
Hartton, WV 79807",Y,hours
871,Cheryl Harris DDS,287-15-7982,"4996 Christopher Loop Suite 870
Lake Kimberlyfurt, CA 86580",N,hours
872,Calvin Caldwell,070-29-7825,"PSC 9023, Box 8442
APO AE 38146",N,hours
873,Jose Cole,739-15-4239,"6996 Lester Locks Suite 284
New Thomasborough, IA 17405",N,hours
874,Shaun Woods,253-74-0607,"0797 Chase Hollow
South Corey, WV 83319",Y,hours
875,Tracy Hale,422-70-7978,"566 Andrea Ridge Suite 814
West Davidtown, FM 27794",Y,miles
876,Mr. Charles Murray,777-87-0948,"4256 Kelly Vista Apt. 735
Lake Luischester, WY 48442",N,hours
877,David Morales DDS,055-54-0751,"6965 Patterson Divide Apt. 629
Johnathanport, GA 56384",N,hours
878,Christopher Richardson,279-17-3889,"2399 Roberts Mission Apt. 474
Thomasberg, UT 86777",Y,miles
879,Melissa Hart,695-49-4973,"0807 Nancy Village Suite 212
Theresachester, MP 59300",Y,hours
880,Tracy Cole,479-97-9602,"34665 Victor Throughway
Mollychester, TN 31862",Y,miles
881,Steve Wilson,687-31-8596,"8932 Miranda Shores Apt. 623
South Kellyberg, KY 92170",Y,hours
882,Cynthia Watson,519-75-9485,"41454 Paula Brook
New Amberbury, AZ 45345",Y,hours
883,Lisa Martinez,835-22-5560,"6620 Rivera Common
South Sheri, DE 02734",N,miles
884,Adrian Hunter,206-96-4367,"347 David Village
New Andrew, WI 68311",N,hours
885,Judy Smith,789-41-4901,"5924 Hughes Garden
Brendamouth, DC 86729",N,hours
886,Alan Farrell,070-83-6518,"42744 Garcia Fort Apt. 971
Wardside, NV 87973",Y,miles
887,Anthony Mckinney,445-71-2031,"593 Cabrera Meadows
Port Adriana, RI 60334",N,hours
888,Ryan Cruz,200-05-0602,"6812 Medina Divide Suite 843
Madisonburgh, MO 49217",N,miles
889,Eduardo Jones,595-04-2039,"342 Payne Glens
South Olivia, NM 54945",N,hours
890,Kevin Marshall,007-04-2111,"USCGC Gonzalez
FPO AP 31239",Y,hours
891,Courtney Wilson,375-06-2084,"PSC 2370, Box 6846
APO AE 52227",Y,miles
892,William Page,093-26-0949,"6742 Liu Ridges Apt. 204
Crystalberg, NY 71266",Y,hours
893,Ricky Poole,231-14-3606,"98346 Patricia Keys
Lake Justintown, OR 72981",Y,miles
894,Robert Griffin,683-30-3603,"2979 Alexis Tunnel
Port Kristina, CT 72684",Y,hours
895,Laura Hall,819-57-6224,"08383 Charles Expressway
Lisaburgh, AK 42592",Y,miles
896,Kimberly Rivera,536-49-2724,"7766 Davis Inlet Suite 252
Lake Crystal, CT 87491",Y,hours
897,Eric Rhodes,150-22-6918,"982 Pamela Spring
Jillside, IN 11472",N,hours
898,Sean Anderson,646-93-1034,"21405 Parrish View
Lake Lauren, NE 94331",N,miles
899,Chad Hill,008-21-4667,"8955 Mitchell Wall
Millerfort, WA 13322",N,miles
900,Karen Schneider,560-45-6259,"088 Donna Junctions
South Richard, UT 29249",N,hours
901,Sharon Allen,344-08-3035,"5628 Gabriel Stravenue
Rogersmouth, AK 36565",Y,hours
902,Timothy Hernandez,899-27-8940,"018 Jennifer Lake
South Deniseton, MI 30291",Y,hours
903,Loretta Richardson,358-73-1574,"93447 Scott Ridges
Hansenstad, PA 22297",N,miles
904,Michelle Huynh,267-29-6401,"7982 Torres Spurs
New Pamelabury, MD 48541",N,hours
905,Dominique Henry,206-07-6032,"4542 James Skyway Apt. 707
Williamshaven, MI 81877",N,hours
906,Melinda Fuller,185-77-9208,"2070 Peterson Crescent
Toddland, ME 77533",N,miles
907,Sherry Jackson,789-74-8480,"5058 Courtney Trail
Gatesberg, LA 40454",Y,miles
908,Tracy Shields,310-75-1043,"8453 Mcclure Field Suite 143
South Jennifer, NC 01461",N,miles
909,Jeremy Davis,281-81-5954,"0536 Justin Burgs Suite 929
Sweeneyshire, MS 24569",N,hours
910,Stephanie Hernandez,604-42-4742,"772 Carrie Road
Frenchfurt, KS 55070",Y,miles
911,Michael Moon,731-12-3201,"725 Tina Vista Apt. 082
New Nicolemouth, RI 49964",Y,miles
912,Douglas Mcgee,399-37-7914,"92430 Owens Station
Julieborough, SD 86308",N,miles
913,Jeffrey Green,345-01-4835,"354 Baker Place
North Johnshire, RI 99896",Y,hours
914,Shirley Webb,867-69-7041,"38640 Kelley Turnpike Apt. 996
Tatebury, VA 70852",N,miles
915,Tyler Gutierrez,781-97-7908,"5440 Brown Tunnel
Port Briannamouth, AK 01631",N,hours
916,Molly Sanders,475-56-1795,"5810 Thomas Ports
Diazbury, IL 55259",Y,hours
917,Isabel Hess,191-17-1752,"112 Bryan Neck Apt. 817
Reevesmouth, DE 70516",Y,hours
918,Eric Booker,868-33-7240,"402 Loretta Cliffs Apt. 204
West Victoriaborough, CT 42295",N,hours
919,Jennifer Kane,658-35-8011,"179 Willis Heights Suite 893
Beltranport, CT 98459",N,miles
920,Alexandra Ruiz,711-37-9968,"37388 Monique Land
Anthonymouth, MA 44385",N,miles
921,Adam Brown,700-39-2286,"390 Ramsey Springs Apt. 676
Drakestad, ND 34423",Y,hours
922,Andrea Perez,804-82-0591,"5278 Nicole Coves Suite 962
New Michealton, CT 41916",N,hours
923,Madison York,462-32-9516,"7060 Hale Unions
Kennedyview, ND 79522",Y,miles
924,Jared Wilson,236-25-8430,"64493 Snyder Drive Suite 409
Tiffanyfort, WV 59504",Y,miles
925,Valerie Roberson,196-22-9854,"71927 Butler Course Apt. 618
Lake Justintown, MO 08029",Y,miles
926,James Sanders Jr.,483-47-4759,"5481 Kimberly Prairie
Longview, CO 22751",N,miles
927,James Murray,350-42-0505,"PSC 2349, Box 5007
APO AP 27297",Y,hours
928,Amy Green,651-73-4137,"9539 Turner Unions
Kimberlyshire, NJ 97683",Y,hours
929,Jennifer Mendoza,262-20-2609,"1215 Timothy Ways Suite 650
South Lori, VI 39409",N,miles
930,Edward Adams,414-36-9710,"46304 Theresa Trail
Traceyland, WI 53207",Y,hours
931,Scott Zimmerman,664-01-4685,"871 Kelly Freeway
East Jasontown, CA 87675",N,miles
932,Wesley Johnson,222-67-0359,"4233 Morgan Port
Mcleanfurt, LA 77950",Y,miles
933,Lynn Robinson,278-65-8482,"18479 Mullen Light Suite 732
South Jason, CA 87955",N,miles
934,Hannah Long,538-63-2878,"917 Hayes Pass
New Kathyview, CO 57797",N,miles
935,James Browning,340-50-8247,"45453 Denise Haven
Wellsport, MO 63940",N,hours
936,Kimberly Acevedo,117-54-5202,"45727 Darius Brooks Suite 348
Lake Ryan, SD 07154",N,hours
937,Shelly Smith,009-44-7071,"152 Jones Extensions Suite 443
Port Christina, UT 75779",Y,hours
938,George Johnson,436-75-0376,"1276 Barron Skyway
Kingside, ND 04988",Y,miles
939,Brenda Wolfe,654-43-9436,"5163 Matthew Highway Suite 414
Katherinehaven, NH 80460",Y,miles
940,Vanessa Garcia,464-93-2527,"2823 Smith Avenue
Mccormickmouth, MD 10839",N,hours
941,Dan Edwards,084-67-5010,"716 Samantha Island
Vasquezfurt, UT 98505",N,miles
942,Suzanne Yang,871-76-2683,"PSC 8439, Box 1032
APO AA 78584",Y,hours
943,Joseph Walker,827-72-0969,"082 Lang Track Suite 055
Lake Robertside, PR 04951",Y,miles
944,Alejandro Doyle,095-05-5990,"950 Gomez Ridges
West Feliciaville, MS 42698",N,hours
945,Deborah Holland,890-66-2454,"9033 Robert Street Apt. 250
Ricemouth, HI 82362",N,miles
946,Justin Pennington,475-93-7710,"94629 Dylan Rapid Apt. 505
North Jasonbury, NC 03723",Y,hours
947,Carol Johnson,651-86-3087,"1473 Pham Flat
Lake Christina, MO 22728",N,miles
948,Scott Cook,654-69-7211,"6357 Mary Union
Kempville, RI 49659",Y,hours
949,David Howard,177-90-1062,"436 Gary Tunnel Suite 675
East Ashleytown, GA 54869",N,hours
950,Heather White,355-69-8097,"781 Ryan Parks
Nunezfort, RI 18884",N,miles
951,Leah Smith,260-79-4622,"775 Aaron Trail
Port Jamiefort, SD 44018",N,miles
952,Kevin Thomas,392-06-8748,"712 Seth Summit
Wilsontown, KY 98271",Y,hours
953,Lauren Jackson,254-51-5802,"7618 Jones Meadows Suite 009
Deckerchester, WY 80429",N,hours
954,Anthony Gonzales,656-29-3994,"2508 Autumn Shoals Suite 212
Henryfurt, DC 92083",Y,miles
955,Samantha Delgado,182-64-2415,"73070 James Inlet
South Michael, NY 55239",Y,miles
956,Daniel Valdez,561-01-8615,"78856 Robert Club Apt. 806
Priscillachester, VA 70419",N,hours
957,Katie Sims,569-07-4772,"PSC 4409, Box 8956
APO AA 27971",Y,hours
958,Michelle Dixon,420-16-0535,"76019 Logan Spur Suite 465
North Kaylaview, MH 51013",Y,hours
959,Debbie Duncan,876-62-8259,"733 Donald Ville Apt. 050
Coletown, AK 41911",N,hours
960,Lisa Johnson,341-61-2372,"844 Richard Port
New Ianstad, MN 34928",Y,miles
961,Ruth Johnson,508-32-0773,"89508 Bailey Trail Suite 184
Smithhaven, MS 84525",N,miles
962,Kathleen Taylor,705-32-3820,"53084 Laura Hill Suite 728
Mitchellside, MS 01540",N,hours
963,Diane Hines,680-34-8254,"9705 Schultz Walk
New Christine, MO 36102",Y,hours
964,Danny Todd,455-42-5418,"197 Mcdonald Field
East Sheila, AS 46522",N,miles
965,Elizabeth Edwards,867-36-1235,"39956 Larry Expressway
Lake Ashleyborough, AZ 95213",Y,hours
966,Carol Kim,501-51-1017,"30519 Graham Pass
Lake Scott, UT 24864",N,miles
967,Whitney Estrada,522-31-1578,"Unit 9775 Box 4077
DPO AP 45621",Y,hours
968,Toni Anthony,673-79-6552,"7811 John Crescent Suite 530
Simmonsland, WI 48058",Y,miles
969,Linda Nguyen,326-15-8377,"USNS Ellis
FPO AE 37650",Y,miles
970,Megan Brown,748-01-7730,"4651 Lee Greens Apt. 624
South David, SC 08546",Y,miles
971,Douglas Miller,008-17-1191,"109 Ronald Port Suite 568
Blairbury, MD 18202",Y,miles
972,Susan Terry,772-36-7517,"76759 Daniel Vista Suite 613
Markfort, OR 08948",Y,miles
973,Cristian Preston Jr.,566-55-9440,"4568 Krystal Throughway Suite 092
New Rickyland, MA 73331",N,miles
974,Matthew Gonzalez,074-09-3344,"92219 Erik Expressway Apt. 756
North Joseph, AR 35403",N,miles
975,Donna Jones,154-96-5337,"0444 Andrew Place Apt. 864
Michaelmouth, AZ 61141",Y,hours
976,Sandra Boyle,225-02-5754,"Unit 7237 Box 1804
DPO AP 57156",N,hours
977,Brian Robinson,254-70-7742,"USCGC Mcdonald
FPO AP 37856",N,hours
978,Marissa Martin,792-29-7074,"28401 Gordon Stravenue
Knightmouth, NH 31883",Y,miles
979,Carol Brown,002-70-8893,"86690 Howe Court
North Patrick, VA 95810",Y,miles
980,Toni Park,675-96-6260,"5632 Boyd Harbor Apt. 002
Nicholasfort, MT 07508",Y,miles
981,Morgan Edwards,075-53-1242,"7359 Foster Stravenue
East Michael, LA 73593",N,miles
982,Daniel Howard,216-27-1279,"052 Mallory Crossroad Apt. 551
Lake Kristine, AL 94916",Y,miles
983,Cole Gordon,276-06-6816,"04002 Ward Knolls Suite 519
Gallowayborough, KY 95139",Y,hours
984,Travis Velazquez,075-44-3645,"644 Donna Views Suite 864
New Brianstad, ME 08125",N,hours
985,Janet Harris,805-22-9635,"917 Haas Knoll Suite 207
North Jamesfort, MO 33201",Y,hours
986,Ashley Orozco,353-93-3806,"8028 Zachary Hollow Suite 740
West Katelynhaven, RI 76510",N,hours
987,Wanda Diaz,006-25-4836,"59272 Marisa Via Apt. 627
South Abigailton, WA 13554",N,miles
988,George Wise,027-96-8263,"82249 Linda Creek
Cooleyville, TX 96768",N,miles
989,Robin Zavala,559-61-3402,"740 Sharp Meadows Apt. 220
Griffinshire, MH 59767",N,hours
990,Jared Bauer,782-91-4445,"593 Cassidy Wells
Mooreport, NJ 10495",Y,miles
991,Aimee Guerra,848-94-0229,"3017 Joseph Underpass
Denisemouth, CT 16584",Y,hours
992,Susan Mahoney,304-55-6700,"8332 Palmer Ports
Kingland, DE 91135",N,hours
993,Mark Davis,575-28-5358,"USCGC Butler
FPO AP 17364",N,miles
994,Brooke Garcia,525-36-1339,"041 Ryan Curve
Lake Nicholas, FL 79576",Y,miles
995,Lisa Ross,233-93-7978,"5520 Hood Points
West Katherine, MO 68205",Y,miles
996,Tiffany Powell,446-75-7012,"04513 Anderson Locks
Gibsonton, RI 10053",N,miles
997,Chelsea Walton,741-11-5080,"244 Joseph Meadow
Angelaberg, TX 74578",N,miles
998,Mr. Joel Anderson,061-39-9304,"159 Benjamin Crossing Apt. 054
Danielshire, WA 24066",N,hours
999,Robert Velasquez,845-81-9544,"PSC 9239, Box 2685
APO AA 94413",Y,hours
1000,Andrew Cruz,487-46-6911,"53346 Crystal Park Suite 226
Brittanymouth, PA 33804",Y,hours
1001,Monique Johnson,141-09-6472,"744 Torres Ridge Suite 725
Brittanytown, ME 65815",Y,miles
1002,Ian Harrington,702-56-1691,"7331 Jessica Shore
South Nicolas, ND 34824",N,hours
1003,Cheyenne White,770-39-4475,"412 Miranda Tunnel Apt. 566
Daleport, NJ 67015",N,hours
1004,Jose Zuniga,201-85-6075,"48218 Sanders Views
Kellertown, AZ 85695",Y,miles
1005,Patrick Martinez,193-66-7688,"587 Owens Manor Suite 978
Melissaview, WA 86077",Y,miles
1006,James Sanders,049-71-0631,"96895 Padilla Keys
Zacharyfurt, KY 07496",Y,miles
1007,Edward Sanford,641-62-7042,"Unit 3876 Box 8736
DPO AP 07253",N,hours
1008,Aaron Alvarez,835-27-4786,"6569 Knight Drive Suite 413
Michaelport, NJ 80421",Y,miles
1009,Jacqueline Duncan,095-48-4108,"425 Tiffany Manors Apt. 048
South Cameron, TX 95983",Y,miles
